service_type,pickup_slug,dropoff_slug,vehicle_class_slug,distance_km,estimated_duration_min,price,return_price,price_per_km,return_multiplier,active,needs_review,source_label,suggested_price,premium_delta,estimated_cost,estimated_margin,estimated_margin_percent,competitor_price_low,competitor_price_high,market_position,psychological_price,confidence_score,pricing_status,review_notes
airport,amsterdam,schiphol-airport,executive-ev,22,30,69,124,3.14,1.80,true,false,Amsterdam → Schiphol,69,17,37.84,31.16,45.2,46,60,Premium,69,90,Approved,Geverifieerd tarief. Marktdata = placeholder.
airport,rotterdam,schiphol-airport,executive-ev,80,65,119,214,1.49,1.80,true,false,Rotterdam → Schiphol,159,-34,87.4,31.6,26.6,135,176,Budget,159,90,Approved,Geverifieerd tarief. Onder markttarief — lange rit. Marktdata = placeholder.
airport,den-haag,schiphol-airport,executive-ev,43,45,107,193,2.49,1.80,true,false,Den Haag → Schiphol,104,18,57.46,49.54,46.3,78,102,Premium,105,90,Approved,Geverifieerd tarief. Marktdata = placeholder.
airport,almere-poort,schiphol-airport,executive-ev,39,40,102,184,2.62,1.80,true,false,Almere Poort → Schiphol,95,21,52.18,49.82,48.8,71,93,Premium,95,90,Approved,Geverifieerd tarief. Marktdata = placeholder.
airport,almere-stad-centrum,schiphol-airport,executive-ev,40,40,104,187,2.60,1.80,true,false,Almere Stad Centrum → Schiphol,96,21,52.6,51.4,49.4,73,95,Premium,95,90,Approved,Geverifieerd tarief. Marktdata = placeholder.
airport,almere-haven,schiphol-airport,executive-ev,40,40,103,185,2.58,1.80,true,false,Almere Haven → Schiphol,96,20,52.6,50.4,48.9,73,95,Premium,95,90,Approved,Geverifieerd tarief. Marktdata = placeholder.
airport,almere-muziekwijk,schiphol-airport,executive-ev,41,42,105,189,2.56,1.80,true,false,Almere Muziekwijk → Schiphol,99,20,54.46,50.54,48.1,75,98,Premium,99,90,Approved,Geverifieerd tarief. Marktdata = placeholder.
airport,almere-buiten,schiphol-airport,executive-ev,44,45,110,198,2.50,1.80,true,false,Almere Buiten → Schiphol,105,19,57.88,52.12,47.4,80,105,Premium,105,90,Approved,Geverifieerd tarief. Marktdata = placeholder.
airport,almere-hout,schiphol-airport,executive-ev,45,46,113,203,2.51,1.80,true,false,Almere Hout → Schiphol,107,20,59.02,53.98,47.8,82,107,Premium,105,90,Approved,Geverifieerd tarief. Marktdata = placeholder.
airport,almere-oostvaarders,schiphol-airport,executive-ev,47,48,116,209,2.47,1.80,true,false,Almere Oostvaarders → Schiphol,111,20,61.3,54.7,47.2,84,110,Premium,109,90,Approved,Geverifieerd tarief. Marktdata = placeholder.
airport,amsterdam-zuidas,schiphol-airport,executive-ev,10,20,50,90,5.00,1.80,true,false,Amsterdam Zuidas → Schiphol,47,19,25.6,24.4,48.8,27,36,Luxury,45,90,Approved,Geverifieerd tarief. Hoge prijs/km — korte rit. Marktdata = placeholder.
airport,amsterdam-centrum,schiphol-airport,executive-ev,14,25,57,103,4.07,1.81,true,false,Amsterdam Centrum → Schiphol,56,19,30.88,26.12,45.8,33,44,Luxury,55,90,Approved,Geverifieerd tarief. Hoge prijs/km — korte rit. Marktdata = placeholder.
airport,amsterdam-oud-zuid-de-pijp,schiphol-airport,executive-ev,13,24,55,99,4.23,1.80,true,false,Amsterdam Oud-Zuid / De Pijp → Schiphol,54,19,29.74,25.26,45.9,32,41,Luxury,55,90,Approved,Geverifieerd tarief. Hoge prijs/km — korte rit. Marktdata = placeholder.
airport,amsterdam-oost,schiphol-airport,executive-ev,16,28,60,108,3.75,1.80,true,false,Amsterdam Oost → Schiphol,62,18,33.88,26.12,43.5,37,48,Premium,59,90,Approved,Geverifieerd tarief. Marktdata = placeholder.
airport,amsterdam-zuidoost-bijlmer,schiphol-airport,executive-ev,16,28,60,108,3.75,1.80,true,false,Amsterdam Zuidoost / Bijlmer → Schiphol,62,18,33.88,26.12,43.5,37,48,Premium,59,90,Approved,Geverifieerd tarief. Marktdata = placeholder.
airport,amsterdam-noord,schiphol-airport,executive-ev,20,30,65,117,3.25,1.80,true,false,Amsterdam Noord → Schiphol,67,16,37,28,43.1,43,56,Premium,65,90,Approved,Geverifieerd tarief. Marktdata = placeholder.
airport,leidsche-rijn,schiphol-airport,executive-ev,40,40,104,187,2.60,1.80,true,false,Leidsche Rijn → Schiphol,96,21,52.6,51.4,49.4,73,95,Premium,95,90,Approved,Geverifieerd tarief. Marktdata = placeholder.
airport,utrecht-centrum,schiphol-airport,executive-ev,44,44,110,198,2.50,1.80,true,false,Utrecht Centrum → Schiphol,104,20,57.16,52.84,48.0,79,103,Premium,105,90,Approved,Geverifieerd tarief. Marktdata = placeholder.
airport,de-uithof-science-park,schiphol-airport,executive-ev,48,48,117,211,2.44,1.80,true,false,De Uithof → Schiphol,112,19,61.72,55.28,47.2,86,113,Premium,109,90,Approved,Geverifieerd tarief. Marktdata = placeholder.
airport,amsterdam,rotterdam-airport,executive-ev,85,70,119,214,1.40,1.80,true,false,Amsterdam → Rotterdam Airport,169,-43,93.1,25.9,21.8,143,186,Budget,169,90,Approved,Geverifieerd tarief. Onder markttarief — lange rit. Marktdata = placeholder.
airport,rotterdam,rotterdam-airport,executive-ev,12,20,39,70,3.25,1.79,true,false,Rotterdam → Rotterdam Airport,48,5,26.44,12.56,32.2,30,39,Market,49,90,Approved,Geverifieerd tarief. Marktdata = placeholder.
intercity,amsterdam,rotterdam,executive-ev,78,65,109,196,1.40,1.80,true,false,Amsterdam → Rotterdam,157,-40,86.56,22.44,20.6,131,171,Budget,155,90,Approved,Geverifieerd tarief. Onder markttarief — lange rit. Marktdata = placeholder.
intercity,amsterdam,den-haag,executive-ev,65,55,85,153,1.31,1.80,true,false,Amsterdam → Den Haag,134,-41,73.9,11.1,13.1,111,145,Budget,135,90,Too Cheap,Geverifieerd tarief. Lage marge (13.1%). Onder markttarief — lange rit. Marktdata = placeholder.
intercity,amsterdam,utrecht,executive-ev,40,35,69,124,1.73,1.80,true,false,Amsterdam → Utrecht,89,-13,49,20,29.0,72,94,Budget,89,90,Approved,Geverifieerd tarief. Onder markttarief — lange rit. Marktdata = placeholder.
intercity,amsterdam,eindhoven,executive-ev,120,90,139,250,1.16,1.80,true,false,Amsterdam → Eindhoven,222,-83,122.2,16.8,12.1,195,255,Budget,219,80,Too Cheap,Geverifieerd tarief. Lage marge (12.1%). Onder markttarief — lange rit. Marktdata = placeholder.
intercity,rotterdam,amsterdam,executive-ev,78,65,109,196,1.40,1.80,true,false,Rotterdam → Amsterdam,157,-40,86.56,22.44,20.6,131,171,Budget,155,90,Approved,Geverifieerd tarief. Onder markttarief — lange rit. Marktdata = placeholder.
intercity,rotterdam,den-haag,executive-ev,25,30,49,88,1.96,1.80,true,false,Rotterdam → Den Haag,71,-8,39.1,9.9,20.2,50,66,Budget,69,90,Approved,Geverifieerd tarief. Onder markttarief — lange rit. Marktdata = placeholder.
intercity,rotterdam,utrecht,executive-ev,55,50,79,142,1.44,1.80,true,false,Rotterdam → Utrecht,120,-30,66.1,12.9,16.3,96,125,Budget,119,90,Approved,Geverifieerd tarief. Onder markttarief — lange rit. Marktdata = placeholder.
intercity,almere,amsterdam,executive-ev,35,35,45,81,1.29,1.80,true,false,Almere → Amsterdam,85,-29,46.9,-1.9,-4.2,65,85,Budget,85,80,Too Cheap,Geverifieerd tarief. Lage marge (-4.2%). Onder markttarief — lange rit. Marktdata = placeholder.
intercity,almere,utrecht,executive-ev,42,42,65,117,1.55,1.80,true,false,Almere → Utrecht,100,-22,54.88,10.12,15.6,77,100,Budget,99,90,Approved,Geverifieerd tarief. Onder markttarief — lange rit. Marktdata = placeholder.
intercity,utrecht,amsterdam,executive-ev,40,40,69,124,1.73,1.80,true,false,Utrecht → Amsterdam,96,-14,52.6,16.4,23.8,73,95,Budget,95,90,Approved,Geverifieerd tarief. Onder markttarief — lange rit. Marktdata = placeholder.
airport,amsterdam,schiphol-airport,business,15,15,58,104,3.87,1.79,false,true,Amsterdam → Schiphol,44,21,24.1,33.9,58.4,33,43,Luxury,45,55,Needs Review,Placeholder — prijs te controleren. Hoge prijs/km — korte rit. Marktdata = placeholder.
airport,amsterdam,rotterdam-airport,business,75,68,148,266,1.97,1.80,false,true,Amsterdam → Rotterdam Airport,159,2,87.46,60.54,40.9,128,168,Market,159,55,Needs Review,Placeholder — prijs te controleren. Marktdata = placeholder.
airport,rotterdam,schiphol-airport,business,64,58,131,236,2.05,1.80,false,true,Rotterdam → Schiphol,138,5,75.64,55.36,42.3,111,145,Market,139,55,Needs Review,Placeholder — prijs te controleren. Marktdata = placeholder.
airport,rotterdam,rotterdam-airport,business,6,15,44,79,7.33,1.80,false,true,Rotterdam → Rotterdam Airport,37,21,20.32,23.68,53.8,20,26,Luxury,35,45,Needs Review,Placeholder — prijs te controleren. Hoge prijs/km — korte rit. Marktdata = placeholder.
airport,den-haag,schiphol-airport,business,56,50,119,214,2.13,1.80,false,true,Den Haag → Schiphol,121,8,66.52,52.48,44.1,98,128,Market,119,55,Needs Review,Placeholder — prijs te controleren. Marktdata = placeholder.
airport,den-haag,rotterdam-airport,executive-ev,21,19,67,121,3.19,1.81,false,true,Den Haag → Rotterdam Airport,54,20,29.5,37.5,56.0,41,54,Premium,55,55,Needs Review,Placeholder — prijs te controleren. Marktdata = placeholder.
airport,den-haag,rotterdam-airport,business,21,19,67,121,3.19,1.81,false,true,Den Haag → Rotterdam Airport,54,20,29.5,37.5,56.0,41,54,Premium,55,55,Needs Review,Placeholder — prijs te controleren. Marktdata = placeholder.
airport,utrecht,schiphol-airport,executive-ev,46,41,104,187,2.26,1.80,false,true,Utrecht → Schiphol,102,11,55.84,48.16,46.3,82,107,Market,99,55,Needs Review,Placeholder — prijs te controleren. Marktdata = placeholder.
airport,utrecht,schiphol-airport,business,46,41,104,187,2.26,1.80,false,true,Utrecht → Schiphol,102,11,55.84,48.16,46.3,82,107,Market,99,55,Needs Review,Placeholder — prijs te controleren. Marktdata = placeholder.
airport,utrecht,rotterdam-airport,executive-ev,66,59,134,241,2.03,1.80,false,true,Utrecht → Rotterdam Airport,140,5,77.2,56.8,42.4,114,148,Market,139,55,Needs Review,Placeholder — prijs te controleren. Marktdata = placeholder.
airport,utrecht,rotterdam-airport,business,66,59,134,241,2.03,1.80,false,true,Utrecht → Rotterdam Airport,140,5,77.2,56.8,42.4,114,148,Market,139,55,Needs Review,Placeholder — prijs te controleren. Marktdata = placeholder.
airport,almere,schiphol-airport,executive-ev,46,41,104,187,2.26,1.80,false,true,Almere → Schiphol,102,11,55.84,48.16,46.3,82,107,Market,99,55,Needs Review,Placeholder — prijs te controleren. Marktdata = placeholder.
airport,almere,schiphol-airport,business,46,41,104,187,2.26,1.80,false,true,Almere → Schiphol,102,11,55.84,48.16,46.3,82,107,Market,99,55,Needs Review,Placeholder — prijs te controleren. Marktdata = placeholder.
airport,almere,rotterdam-airport,executive-ev,96,86,179,322,1.86,1.80,false,true,Almere → Rotterdam Airport,199,-5,109.24,69.76,39.0,162,212,Market,199,55,Needs Review,Placeholder — prijs te controleren. Marktdata = placeholder.
airport,almere,rotterdam-airport,business,96,86,179,322,1.86,1.80,false,true,Almere → Rotterdam Airport,199,-5,109.24,69.76,39.0,162,212,Market,199,55,Needs Review,Placeholder — prijs te controleren. Marktdata = placeholder.
airport,eindhoven,schiphol-airport,executive-ev,146,131,254,457,1.74,1.80,false,true,Eindhoven → Schiphol,296,-21,162.64,91.36,36.0,242,316,Market,295,55,Needs Review,Placeholder — prijs te controleren. Marktdata = placeholder.
airport,eindhoven,schiphol-airport,business,146,131,254,457,1.74,1.80,false,true,Eindhoven → Schiphol,296,-21,162.64,91.36,36.0,242,316,Market,295,55,Needs Review,Placeholder — prijs te controleren. Marktdata = placeholder.
airport,eindhoven,rotterdam-airport,executive-ev,123,111,220,396,1.79,1.80,false,true,Eindhoven → Rotterdam Airport,252,-13,138.58,81.42,37.0,205,268,Market,249,55,Needs Review,Placeholder — prijs te controleren. Marktdata = placeholder.
airport,eindhoven,rotterdam-airport,business,123,111,220,396,1.79,1.80,false,true,Eindhoven → Rotterdam Airport,252,-13,138.58,81.42,37.0,205,268,Market,249,55,Needs Review,Placeholder — prijs te controleren. Marktdata = placeholder.
airport,almere-poort,schiphol-airport,business,46,41,104,187,2.26,1.80,false,true,Almere Poort → Schiphol,102,11,55.84,48.16,46.3,82,107,Market,99,55,Needs Review,Placeholder — prijs te controleren. Marktdata = placeholder.
airport,almere-poort,rotterdam-airport,executive-ev,96,86,179,322,1.86,1.80,false,true,Almere Poort → Rotterdam Airport,199,-5,109.24,69.76,39.0,162,212,Market,199,55,Needs Review,Placeholder — prijs te controleren. Marktdata = placeholder.
airport,almere-poort,rotterdam-airport,business,96,86,179,322,1.86,1.80,false,true,Almere Poort → Rotterdam Airport,199,-5,109.24,69.76,39.0,162,212,Market,199,55,Needs Review,Placeholder — prijs te controleren. Marktdata = placeholder.
airport,almere-stad-centrum,schiphol-airport,business,46,41,104,187,2.26,1.80,false,true,Almere Stad Centrum → Schiphol,102,11,55.84,48.16,46.3,82,107,Market,99,55,Needs Review,Placeholder — prijs te controleren. Marktdata = placeholder.
airport,almere-stad-centrum,rotterdam-airport,executive-ev,96,86,179,322,1.86,1.80,false,true,Almere Stad Centrum → Rotterdam Airport,199,-5,109.24,69.76,39.0,162,212,Market,199,55,Needs Review,Placeholder — prijs te controleren. Marktdata = placeholder.
airport,almere-stad-centrum,rotterdam-airport,business,96,86,179,322,1.86,1.80,false,true,Almere Stad Centrum → Rotterdam Airport,199,-5,109.24,69.76,39.0,162,212,Market,199,55,Needs Review,Placeholder — prijs te controleren. Marktdata = placeholder.
airport,almere-haven,schiphol-airport,business,46,41,104,187,2.26,1.80,false,true,Almere Haven → Schiphol,102,11,55.84,48.16,46.3,82,107,Market,99,55,Needs Review,Placeholder — prijs te controleren. Marktdata = placeholder.
airport,almere-haven,rotterdam-airport,executive-ev,96,86,179,322,1.86,1.80,false,true,Almere Haven → Rotterdam Airport,199,-5,109.24,69.76,39.0,162,212,Market,199,55,Needs Review,Placeholder — prijs te controleren. Marktdata = placeholder.
airport,almere-haven,rotterdam-airport,business,96,86,179,322,1.86,1.80,false,true,Almere Haven → Rotterdam Airport,199,-5,109.24,69.76,39.0,162,212,Market,199,55,Needs Review,Placeholder — prijs te controleren. Marktdata = placeholder.
airport,almere-muziekwijk,schiphol-airport,business,46,41,104,187,2.26,1.80,false,true,Almere Muziekwijk → Schiphol,102,11,55.84,48.16,46.3,82,107,Market,99,55,Needs Review,Placeholder — prijs te controleren. Marktdata = placeholder.
airport,almere-muziekwijk,rotterdam-airport,executive-ev,96,86,179,322,1.86,1.80,false,true,Almere Muziekwijk → Rotterdam Airport,199,-5,109.24,69.76,39.0,162,212,Market,199,55,Needs Review,Placeholder — prijs te controleren. Marktdata = placeholder.
airport,almere-muziekwijk,rotterdam-airport,business,96,86,179,322,1.86,1.80,false,true,Almere Muziekwijk → Rotterdam Airport,199,-5,109.24,69.76,39.0,162,212,Market,199,55,Needs Review,Placeholder — prijs te controleren. Marktdata = placeholder.
airport,almere-buiten,schiphol-airport,business,46,41,104,187,2.26,1.80,false,true,Almere Buiten → Schiphol,102,11,55.84,48.16,46.3,82,107,Market,99,55,Needs Review,Placeholder — prijs te controleren. Marktdata = placeholder.
airport,almere-buiten,rotterdam-airport,executive-ev,96,86,179,322,1.86,1.80,false,true,Almere Buiten → Rotterdam Airport,199,-5,109.24,69.76,39.0,162,212,Market,199,55,Needs Review,Placeholder — prijs te controleren. Marktdata = placeholder.
airport,almere-buiten,rotterdam-airport,business,96,86,179,322,1.86,1.80,false,true,Almere Buiten → Rotterdam Airport,199,-5,109.24,69.76,39.0,162,212,Market,199,55,Needs Review,Placeholder — prijs te controleren. Marktdata = placeholder.
airport,almere-hout,schiphol-airport,business,46,41,104,187,2.26,1.80,false,true,Almere Hout → Schiphol,102,11,55.84,48.16,46.3,82,107,Market,99,55,Needs Review,Placeholder — prijs te controleren. Marktdata = placeholder.
airport,almere-hout,rotterdam-airport,executive-ev,96,86,179,322,1.86,1.80,false,true,Almere Hout → Rotterdam Airport,199,-5,109.24,69.76,39.0,162,212,Market,199,55,Needs Review,Placeholder — prijs te controleren. Marktdata = placeholder.
airport,almere-hout,rotterdam-airport,business,96,86,179,322,1.86,1.80,false,true,Almere Hout → Rotterdam Airport,199,-5,109.24,69.76,39.0,162,212,Market,199,55,Needs Review,Placeholder — prijs te controleren. Marktdata = placeholder.
airport,almere-oostvaarders,schiphol-airport,business,46,41,104,187,2.26,1.80,false,true,Almere Oostvaarders → Schiphol,102,11,55.84,48.16,46.3,82,107,Market,99,55,Needs Review,Placeholder — prijs te controleren. Marktdata = placeholder.
airport,almere-oostvaarders,rotterdam-airport,executive-ev,96,86,179,322,1.86,1.80,false,true,Almere Oostvaarders → Rotterdam Airport,199,-5,109.24,69.76,39.0,162,212,Market,199,55,Needs Review,Placeholder — prijs te controleren. Marktdata = placeholder.
airport,almere-oostvaarders,rotterdam-airport,business,96,86,179,322,1.86,1.80,false,true,Almere Oostvaarders → Rotterdam Airport,199,-5,109.24,69.76,39.0,162,212,Market,199,55,Needs Review,Placeholder — prijs te controleren. Marktdata = placeholder.
airport,amsterdam-zuidas,schiphol-airport,business,15,15,58,104,3.87,1.79,false,true,Amsterdam Zuidas → Schiphol,44,21,24.1,33.9,58.4,33,43,Luxury,45,55,Needs Review,Placeholder — prijs te controleren. Hoge prijs/km — korte rit. Marktdata = placeholder.
airport,amsterdam-zuidas,rotterdam-airport,executive-ev,75,68,148,266,1.97,1.80,false,true,Amsterdam Zuidas → Rotterdam Airport,159,2,87.46,60.54,40.9,128,168,Market,159,55,Needs Review,Placeholder — prijs te controleren. Marktdata = placeholder.
airport,amsterdam-zuidas,rotterdam-airport,business,75,68,148,266,1.97,1.80,false,true,Amsterdam Zuidas → Rotterdam Airport,159,2,87.46,60.54,40.9,128,168,Market,159,55,Needs Review,Placeholder — prijs te controleren. Marktdata = placeholder.
airport,amsterdam-centrum,schiphol-airport,business,15,15,58,104,3.87,1.79,false,true,Amsterdam Centrum → Schiphol,44,21,24.1,33.9,58.4,33,43,Luxury,45,55,Needs Review,Placeholder — prijs te controleren. Hoge prijs/km — korte rit. Marktdata = placeholder.
airport,amsterdam-centrum,rotterdam-airport,executive-ev,75,68,148,266,1.97,1.80,false,true,Amsterdam Centrum → Rotterdam Airport,159,2,87.46,60.54,40.9,128,168,Market,159,55,Needs Review,Placeholder — prijs te controleren. Marktdata = placeholder.
airport,amsterdam-centrum,rotterdam-airport,business,75,68,148,266,1.97,1.80,false,true,Amsterdam Centrum → Rotterdam Airport,159,2,87.46,60.54,40.9,128,168,Market,159,55,Needs Review,Placeholder — prijs te controleren. Marktdata = placeholder.
airport,amsterdam-oud-zuid-de-pijp,schiphol-airport,business,15,15,58,104,3.87,1.79,false,true,Amsterdam Oud-Zuid / De Pijp → Schiphol,44,21,24.1,33.9,58.4,33,43,Luxury,45,55,Needs Review,Placeholder — prijs te controleren. Hoge prijs/km — korte rit. Marktdata = placeholder.
airport,amsterdam-oud-zuid-de-pijp,rotterdam-airport,executive-ev,75,68,148,266,1.97,1.80,false,true,Amsterdam Oud-Zuid / De Pijp → Rotterdam Airport,159,2,87.46,60.54,40.9,128,168,Market,159,55,Needs Review,Placeholder — prijs te controleren. Marktdata = placeholder.
airport,amsterdam-oud-zuid-de-pijp,rotterdam-airport,business,75,68,148,266,1.97,1.80,false,true,Amsterdam Oud-Zuid / De Pijp → Rotterdam Airport,159,2,87.46,60.54,40.9,128,168,Market,159,55,Needs Review,Placeholder — prijs te controleren. Marktdata = placeholder.
airport,amsterdam-oost,schiphol-airport,business,15,15,58,104,3.87,1.79,false,true,Amsterdam Oost → Schiphol,44,21,24.1,33.9,58.4,33,43,Luxury,45,55,Needs Review,Placeholder — prijs te controleren. Hoge prijs/km — korte rit. Marktdata = placeholder.
airport,amsterdam-oost,rotterdam-airport,executive-ev,75,68,148,266,1.97,1.80,false,true,Amsterdam Oost → Rotterdam Airport,159,2,87.46,60.54,40.9,128,168,Market,159,55,Needs Review,Placeholder — prijs te controleren. Marktdata = placeholder.
airport,amsterdam-oost,rotterdam-airport,business,75,68,148,266,1.97,1.80,false,true,Amsterdam Oost → Rotterdam Airport,159,2,87.46,60.54,40.9,128,168,Market,159,55,Needs Review,Placeholder — prijs te controleren. Marktdata = placeholder.
airport,amsterdam-zuidoost-bijlmer,schiphol-airport,business,15,15,58,104,3.87,1.79,false,true,Amsterdam Zuidoost / Bijlmer → Schiphol,44,21,24.1,33.9,58.4,33,43,Luxury,45,55,Needs Review,Placeholder — prijs te controleren. Hoge prijs/km — korte rit. Marktdata = placeholder.
airport,amsterdam-zuidoost-bijlmer,rotterdam-airport,executive-ev,75,68,148,266,1.97,1.80,false,true,Amsterdam Zuidoost / Bijlmer → Rotterdam Airport,159,2,87.46,60.54,40.9,128,168,Market,159,55,Needs Review,Placeholder — prijs te controleren. Marktdata = placeholder.
airport,amsterdam-zuidoost-bijlmer,rotterdam-airport,business,75,68,148,266,1.97,1.80,false,true,Amsterdam Zuidoost / Bijlmer → Rotterdam Airport,159,2,87.46,60.54,40.9,128,168,Market,159,55,Needs Review,Placeholder — prijs te controleren. Marktdata = placeholder.
airport,amsterdam-noord,schiphol-airport,business,15,15,58,104,3.87,1.79,false,true,Amsterdam Noord → Schiphol,44,21,24.1,33.9,58.4,33,43,Luxury,45,55,Needs Review,Placeholder — prijs te controleren. Hoge prijs/km — korte rit. Marktdata = placeholder.
airport,amsterdam-noord,rotterdam-airport,executive-ev,75,68,148,266,1.97,1.80,false,true,Amsterdam Noord → Rotterdam Airport,159,2,87.46,60.54,40.9,128,168,Market,159,55,Needs Review,Placeholder — prijs te controleren. Marktdata = placeholder.
airport,amsterdam-noord,rotterdam-airport,business,75,68,148,266,1.97,1.80,false,true,Amsterdam Noord → Rotterdam Airport,159,2,87.46,60.54,40.9,128,168,Market,159,55,Needs Review,Placeholder — prijs te controleren. Marktdata = placeholder.
airport,leidsche-rijn,schiphol-airport,business,46,41,104,187,2.26,1.80,false,true,Leidsche Rijn → Schiphol,102,11,55.84,48.16,46.3,82,107,Market,99,55,Needs Review,Placeholder — prijs te controleren. Marktdata = placeholder.
airport,leidsche-rijn,rotterdam-airport,executive-ev,66,59,134,241,2.03,1.80,false,true,Leidsche Rijn → Rotterdam Airport,140,5,77.2,56.8,42.4,114,148,Market,139,55,Needs Review,Placeholder — prijs te controleren. Marktdata = placeholder.
airport,leidsche-rijn,rotterdam-airport,business,66,59,134,241,2.03,1.80,false,true,Leidsche Rijn → Rotterdam Airport,140,5,77.2,56.8,42.4,114,148,Market,139,55,Needs Review,Placeholder — prijs te controleren. Marktdata = placeholder.
airport,utrecht-centrum,schiphol-airport,business,46,41,104,187,2.26,1.80,false,true,Utrecht Centrum → Schiphol,102,11,55.84,48.16,46.3,82,107,Market,99,55,Needs Review,Placeholder — prijs te controleren. Marktdata = placeholder.
airport,utrecht-centrum,rotterdam-airport,executive-ev,66,59,134,241,2.03,1.80,false,true,Utrecht Centrum → Rotterdam Airport,140,5,77.2,56.8,42.4,114,148,Market,139,55,Needs Review,Placeholder — prijs te controleren. Marktdata = placeholder.
airport,utrecht-centrum,rotterdam-airport,business,66,59,134,241,2.03,1.80,false,true,Utrecht Centrum → Rotterdam Airport,140,5,77.2,56.8,42.4,114,148,Market,139,55,Needs Review,Placeholder — prijs te controleren. Marktdata = placeholder.
airport,de-uithof-science-park,schiphol-airport,business,46,41,104,187,2.26,1.80,false,true,De Uithof → Schiphol,102,11,55.84,48.16,46.3,82,107,Market,99,55,Needs Review,Placeholder — prijs te controleren. Marktdata = placeholder.
airport,de-uithof-science-park,rotterdam-airport,executive-ev,66,59,134,241,2.03,1.80,false,true,De Uithof → Rotterdam Airport,140,5,77.2,56.8,42.4,114,148,Market,139,55,Needs Review,Placeholder — prijs te controleren. Marktdata = placeholder.
airport,de-uithof-science-park,rotterdam-airport,business,66,59,134,241,2.03,1.80,false,true,De Uithof → Rotterdam Airport,140,5,77.2,56.8,42.4,114,148,Market,139,55,Needs Review,Placeholder — prijs te controleren. Marktdata = placeholder.
intercity,amsterdam,rotterdam,business,77,69,151,272,1.96,1.80,false,true,Amsterdam → Rotterdam,162,2,89.02,61.98,41.0,131,171,Market,159,50,Needs Review,Placeholder — prijs te controleren. Marktdata = placeholder.
intercity,amsterdam,den-haag,business,71,64,142,256,2.00,1.80,false,true,Amsterdam → Den Haag,151,4,82.9,59.1,41.6,121,159,Market,149,50,Needs Review,Placeholder — prijs te controleren. Marktdata = placeholder.
intercity,amsterdam,utrecht,business,46,41,104,187,2.26,1.80,false,true,Amsterdam → Utrecht,102,11,55.84,48.16,46.3,82,107,Market,99,50,Needs Review,Placeholder — prijs te controleren. Marktdata = placeholder.
intercity,amsterdam,almere,executive-ev,33,30,85,153,2.58,1.80,false,true,Amsterdam → Almere,77,16,42.46,42.54,50.0,61,79,Premium,75,50,Needs Review,Placeholder — prijs te controleren. Marktdata = placeholder.
intercity,amsterdam,almere,business,33,30,85,153,2.58,1.80,false,true,Amsterdam → Almere,77,16,42.46,42.54,50.0,61,79,Premium,75,50,Needs Review,Placeholder — prijs te controleren. Marktdata = placeholder.
intercity,amsterdam,eindhoven,business,149,134,259,466,1.74,1.80,false,true,Amsterdam → Eindhoven,302,-21,166.06,92.94,35.9,246,322,Market,299,50,Needs Review,Placeholder — prijs te controleren. Marktdata = placeholder.
intercity,rotterdam,amsterdam,business,77,69,151,272,1.96,1.80,false,true,Rotterdam → Amsterdam,162,2,89.02,61.98,41.0,131,171,Market,159,50,Needs Review,Placeholder — prijs te controleren. Marktdata = placeholder.
intercity,rotterdam,den-haag,business,27,24,76,137,2.81,1.80,false,true,Rotterdam → Den Haag,65,18,35.62,40.38,53.1,51,67,Premium,65,50,Needs Review,Placeholder — prijs te controleren. Marktdata = placeholder.
intercity,rotterdam,utrecht,business,65,59,133,239,2.05,1.80,false,true,Rotterdam → Utrecht,140,6,76.78,56.22,42.3,112,146,Market,139,50,Needs Review,Placeholder — prijs te controleren. Marktdata = placeholder.
intercity,rotterdam,almere,executive-ev,97,87,181,326,1.87,1.80,false,true,Rotterdam → Almere,201,-4,110.38,70.62,39.0,163,213,Market,199,50,Needs Review,Placeholder — prijs te controleren. Marktdata = placeholder.
intercity,rotterdam,almere,business,97,87,181,326,1.87,1.80,false,true,Rotterdam → Almere,201,-4,110.38,70.62,39.0,163,213,Market,199,50,Needs Review,Placeholder — prijs te controleren. Marktdata = placeholder.
intercity,rotterdam,eindhoven,executive-ev,117,105,211,380,1.80,1.80,false,true,Rotterdam → Eindhoven,240,-11,131.74,79.26,37.6,195,255,Market,239,50,Needs Review,Placeholder — prijs te controleren. Marktdata = placeholder.
intercity,rotterdam,eindhoven,business,117,105,211,380,1.80,1.80,false,true,Rotterdam → Eindhoven,240,-11,131.74,79.26,37.6,195,255,Market,239,50,Needs Review,Placeholder — prijs te controleren. Marktdata = placeholder.
intercity,den-haag,amsterdam,executive-ev,71,64,142,256,2.00,1.80,false,true,Den Haag → Amsterdam,151,4,82.9,59.1,41.6,121,159,Market,149,50,Needs Review,Placeholder — prijs te controleren. Marktdata = placeholder.
intercity,den-haag,amsterdam,business,71,64,142,256,2.00,1.80,false,true,Den Haag → Amsterdam,151,4,82.9,59.1,41.6,121,159,Market,149,50,Needs Review,Placeholder — prijs te controleren. Marktdata = placeholder.
intercity,den-haag,rotterdam,executive-ev,27,24,76,137,2.81,1.80,false,true,Den Haag → Rotterdam,65,18,35.62,40.38,53.1,51,67,Premium,65,50,Needs Review,Placeholder — prijs te controleren. Marktdata = placeholder.
intercity,den-haag,rotterdam,business,27,24,76,137,2.81,1.80,false,true,Den Haag → Rotterdam,65,18,35.62,40.38,53.1,51,67,Premium,65,50,Needs Review,Placeholder — prijs te controleren. Marktdata = placeholder.
intercity,den-haag,utrecht,executive-ev,76,68,149,268,1.96,1.80,false,true,Den Haag → Utrecht,160,2,87.88,61.12,41.0,129,169,Market,159,50,Needs Review,Placeholder — prijs te controleren. Marktdata = placeholder.
intercity,den-haag,utrecht,business,76,68,149,268,1.96,1.80,false,true,Den Haag → Utrecht,160,2,87.88,61.12,41.0,129,169,Market,159,50,Needs Review,Placeholder — prijs te controleren. Marktdata = placeholder.
intercity,den-haag,almere,executive-ev,98,88,182,328,1.86,1.80,false,true,Den Haag → Almere,203,-5,111.52,70.48,38.7,165,215,Market,205,50,Needs Review,Placeholder — prijs te controleren. Marktdata = placeholder.
intercity,den-haag,almere,business,98,88,182,328,1.86,1.80,false,true,Den Haag → Almere,203,-5,111.52,70.48,38.7,165,215,Market,205,50,Needs Review,Placeholder — prijs te controleren. Marktdata = placeholder.
intercity,den-haag,eindhoven,executive-ev,144,130,251,452,1.74,1.80,false,true,Den Haag → Eindhoven,293,-20,161.08,89.92,35.8,238,312,Market,295,50,Needs Review,Placeholder — prijs te controleren. Marktdata = placeholder.
intercity,den-haag,eindhoven,business,144,130,251,452,1.74,1.80,false,true,Den Haag → Eindhoven,293,-20,161.08,89.92,35.8,238,312,Market,295,50,Needs Review,Placeholder — prijs te controleren. Marktdata = placeholder.
intercity,utrecht,amsterdam,business,46,41,104,187,2.26,1.80,false,true,Utrecht → Amsterdam,102,11,55.84,48.16,46.3,82,107,Market,99,50,Needs Review,Placeholder — prijs te controleren. Marktdata = placeholder.
intercity,utrecht,rotterdam,executive-ev,65,59,133,239,2.05,1.80,false,true,Utrecht → Rotterdam,140,6,76.78,56.22,42.3,112,146,Market,139,50,Needs Review,Placeholder — prijs te controleren. Marktdata = placeholder.
intercity,utrecht,rotterdam,business,65,59,133,239,2.05,1.80,false,true,Utrecht → Rotterdam,140,6,76.78,56.22,42.3,112,146,Market,139,50,Needs Review,Placeholder — prijs te controleren. Marktdata = placeholder.
intercity,utrecht,den-haag,executive-ev,76,68,149,268,1.96,1.80,false,true,Utrecht → Den Haag,160,2,87.88,61.12,41.0,129,169,Market,159,50,Needs Review,Placeholder — prijs te controleren. Marktdata = placeholder.
intercity,utrecht,den-haag,business,76,68,149,268,1.96,1.80,false,true,Utrecht → Den Haag,160,2,87.88,61.12,41.0,129,169,Market,159,50,Needs Review,Placeholder — prijs te controleren. Marktdata = placeholder.
intercity,utrecht,almere,executive-ev,41,37,97,175,2.37,1.80,false,true,Utrecht → Almere,92,13,50.86,46.14,47.6,74,97,Premium,89,50,Needs Review,Placeholder — prijs te controleren. Marktdata = placeholder.
intercity,utrecht,almere,business,41,37,97,175,2.37,1.80,false,true,Utrecht → Almere,92,13,50.86,46.14,47.6,74,97,Premium,89,50,Needs Review,Placeholder — prijs te controleren. Marktdata = placeholder.
intercity,utrecht,eindhoven,executive-ev,103,93,190,342,1.84,1.80,false,true,Utrecht → Eindhoven,213,-7,117.22,72.78,38.3,173,227,Market,215,50,Needs Review,Placeholder — prijs te controleren. Marktdata = placeholder.
intercity,utrecht,eindhoven,business,103,93,190,342,1.84,1.80,false,true,Utrecht → Eindhoven,213,-7,117.22,72.78,38.3,173,227,Market,215,50,Needs Review,Placeholder — prijs te controleren. Marktdata = placeholder.
intercity,almere,amsterdam,business,33,30,85,153,2.58,1.80,false,true,Almere → Amsterdam,77,16,42.46,42.54,50.0,61,79,Premium,75,50,Needs Review,Placeholder — prijs te controleren. Marktdata = placeholder.
intercity,almere,rotterdam,executive-ev,97,87,181,326,1.87,1.80,false,true,Almere → Rotterdam,201,-4,110.38,70.62,39.0,163,213,Market,199,50,Needs Review,Placeholder — prijs te controleren. Marktdata = placeholder.
intercity,almere,rotterdam,business,97,87,181,326,1.87,1.80,false,true,Almere → Rotterdam,201,-4,110.38,70.62,39.0,163,213,Market,199,50,Needs Review,Placeholder — prijs te controleren. Marktdata = placeholder.
intercity,almere,den-haag,executive-ev,98,88,182,328,1.86,1.80,false,true,Almere → Den Haag,203,-5,111.52,70.48,38.7,165,215,Market,205,50,Needs Review,Placeholder — prijs te controleren. Marktdata = placeholder.
intercity,almere,den-haag,business,98,88,182,328,1.86,1.80,false,true,Almere → Den Haag,203,-5,111.52,70.48,38.7,165,215,Market,205,50,Needs Review,Placeholder — prijs te controleren. Marktdata = placeholder.
intercity,almere,utrecht,business,41,37,97,175,2.37,1.80,false,true,Almere → Utrecht,92,13,50.86,46.14,47.6,74,97,Premium,89,50,Needs Review,Placeholder — prijs te controleren. Marktdata = placeholder.
intercity,almere,eindhoven,executive-ev,138,124,242,436,1.75,1.80,false,true,Almere → Eindhoven,280,-18,154.24,87.76,36.3,229,299,Market,279,50,Needs Review,Placeholder — prijs te controleren. Marktdata = placeholder.
intercity,almere,eindhoven,business,138,124,242,436,1.75,1.80,false,true,Almere → Eindhoven,280,-18,154.24,87.76,36.3,229,299,Market,279,50,Needs Review,Placeholder — prijs te controleren. Marktdata = placeholder.
intercity,eindhoven,amsterdam,executive-ev,149,134,259,466,1.74,1.80,false,true,Eindhoven → Amsterdam,302,-21,166.06,92.94,35.9,246,322,Market,299,50,Needs Review,Placeholder — prijs te controleren. Marktdata = placeholder.
intercity,eindhoven,amsterdam,business,149,134,259,466,1.74,1.80,false,true,Eindhoven → Amsterdam,302,-21,166.06,92.94,35.9,246,322,Market,299,50,Needs Review,Placeholder — prijs te controleren. Marktdata = placeholder.
intercity,eindhoven,rotterdam,executive-ev,117,105,211,380,1.80,1.80,false,true,Eindhoven → Rotterdam,240,-11,131.74,79.26,37.6,195,255,Market,239,50,Needs Review,Placeholder — prijs te controleren. Marktdata = placeholder.
intercity,eindhoven,rotterdam,business,117,105,211,380,1.80,1.80,false,true,Eindhoven → Rotterdam,240,-11,131.74,79.26,37.6,195,255,Market,239,50,Needs Review,Placeholder — prijs te controleren. Marktdata = placeholder.
intercity,eindhoven,den-haag,executive-ev,144,130,251,452,1.74,1.80,false,true,Eindhoven → Den Haag,293,-20,161.08,89.92,35.8,238,312,Market,295,50,Needs Review,Placeholder — prijs te controleren. Marktdata = placeholder.
intercity,eindhoven,den-haag,business,144,130,251,452,1.74,1.80,false,true,Eindhoven → Den Haag,293,-20,161.08,89.92,35.8,238,312,Market,295,50,Needs Review,Placeholder — prijs te controleren. Marktdata = placeholder.
intercity,eindhoven,utrecht,executive-ev,103,93,190,342,1.84,1.80,false,true,Eindhoven → Utrecht,213,-7,117.22,72.78,38.3,173,227,Market,215,50,Needs Review,Placeholder — prijs te controleren. Marktdata = placeholder.
intercity,eindhoven,utrecht,business,103,93,190,342,1.84,1.80,false,true,Eindhoven → Utrecht,213,-7,117.22,72.78,38.3,173,227,Market,215,50,Needs Review,Placeholder — prijs te controleren. Marktdata = placeholder.
intercity,eindhoven,almere,executive-ev,138,124,242,436,1.75,1.80,false,true,Eindhoven → Almere,280,-18,154.24,87.76,36.3,229,299,Market,279,50,Needs Review,Placeholder — prijs te controleren. Marktdata = placeholder.
intercity,eindhoven,almere,business,138,124,242,436,1.75,1.80,false,true,Eindhoven → Almere,280,-18,154.24,87.76,36.3,229,299,Market,279,50,Needs Review,Placeholder — prijs te controleren. Marktdata = placeholder.
intercity,almere-poort,amsterdam,executive-ev,33,30,85,153,2.58,1.80,false,true,Almere Poort → Amsterdam,77,16,42.46,42.54,50.0,61,79,Premium,75,50,Needs Review,Placeholder — prijs te controleren. Marktdata = placeholder.
intercity,almere-poort,amsterdam,business,33,30,85,153,2.58,1.80,false,true,Almere Poort → Amsterdam,77,16,42.46,42.54,50.0,61,79,Premium,75,50,Needs Review,Placeholder — prijs te controleren. Marktdata = placeholder.
intercity,almere-poort,rotterdam,executive-ev,97,87,181,326,1.87,1.80,false,true,Almere Poort → Rotterdam,201,-4,110.38,70.62,39.0,163,213,Market,199,50,Needs Review,Placeholder — prijs te controleren. Marktdata = placeholder.
intercity,almere-poort,rotterdam,business,97,87,181,326,1.87,1.80,false,true,Almere Poort → Rotterdam,201,-4,110.38,70.62,39.0,163,213,Market,199,50,Needs Review,Placeholder — prijs te controleren. Marktdata = placeholder.
intercity,almere-poort,den-haag,executive-ev,98,88,182,328,1.86,1.80,false,true,Almere Poort → Den Haag,203,-5,111.52,70.48,38.7,165,215,Market,205,50,Needs Review,Placeholder — prijs te controleren. Marktdata = placeholder.
intercity,almere-poort,den-haag,business,98,88,182,328,1.86,1.80,false,true,Almere Poort → Den Haag,203,-5,111.52,70.48,38.7,165,215,Market,205,50,Needs Review,Placeholder — prijs te controleren. Marktdata = placeholder.
intercity,almere-poort,utrecht,executive-ev,41,37,97,175,2.37,1.80,false,true,Almere Poort → Utrecht,92,13,50.86,46.14,47.6,74,97,Premium,89,50,Needs Review,Placeholder — prijs te controleren. Marktdata = placeholder.
intercity,almere-poort,utrecht,business,41,37,97,175,2.37,1.80,false,true,Almere Poort → Utrecht,92,13,50.86,46.14,47.6,74,97,Premium,89,50,Needs Review,Placeholder — prijs te controleren. Marktdata = placeholder.
intercity,almere-stad-centrum,amsterdam,executive-ev,33,30,85,153,2.58,1.80,false,true,Almere Stad Centrum → Amsterdam,77,16,42.46,42.54,50.0,61,79,Premium,75,50,Needs Review,Placeholder — prijs te controleren. Marktdata = placeholder.
intercity,almere-stad-centrum,amsterdam,business,33,30,85,153,2.58,1.80,false,true,Almere Stad Centrum → Amsterdam,77,16,42.46,42.54,50.0,61,79,Premium,75,50,Needs Review,Placeholder — prijs te controleren. Marktdata = placeholder.
intercity,almere-stad-centrum,rotterdam,executive-ev,97,87,181,326,1.87,1.80,false,true,Almere Stad Centrum → Rotterdam,201,-4,110.38,70.62,39.0,163,213,Market,199,50,Needs Review,Placeholder — prijs te controleren. Marktdata = placeholder.
intercity,almere-stad-centrum,rotterdam,business,97,87,181,326,1.87,1.80,false,true,Almere Stad Centrum → Rotterdam,201,-4,110.38,70.62,39.0,163,213,Market,199,50,Needs Review,Placeholder — prijs te controleren. Marktdata = placeholder.
intercity,almere-stad-centrum,den-haag,executive-ev,98,88,182,328,1.86,1.80,false,true,Almere Stad Centrum → Den Haag,203,-5,111.52,70.48,38.7,165,215,Market,205,50,Needs Review,Placeholder — prijs te controleren. Marktdata = placeholder.
intercity,almere-stad-centrum,den-haag,business,98,88,182,328,1.86,1.80,false,true,Almere Stad Centrum → Den Haag,203,-5,111.52,70.48,38.7,165,215,Market,205,50,Needs Review,Placeholder — prijs te controleren. Marktdata = placeholder.
intercity,almere-stad-centrum,utrecht,executive-ev,41,37,97,175,2.37,1.80,false,true,Almere Stad Centrum → Utrecht,92,13,50.86,46.14,47.6,74,97,Premium,89,50,Needs Review,Placeholder — prijs te controleren. Marktdata = placeholder.
intercity,almere-stad-centrum,utrecht,business,41,37,97,175,2.37,1.80,false,true,Almere Stad Centrum → Utrecht,92,13,50.86,46.14,47.6,74,97,Premium,89,50,Needs Review,Placeholder — prijs te controleren. Marktdata = placeholder.
intercity,almere-haven,amsterdam,executive-ev,33,30,85,153,2.58,1.80,false,true,Almere Haven → Amsterdam,77,16,42.46,42.54,50.0,61,79,Premium,75,50,Needs Review,Placeholder — prijs te controleren. Marktdata = placeholder.
intercity,almere-haven,amsterdam,business,33,30,85,153,2.58,1.80,false,true,Almere Haven → Amsterdam,77,16,42.46,42.54,50.0,61,79,Premium,75,50,Needs Review,Placeholder — prijs te controleren. Marktdata = placeholder.
intercity,almere-haven,rotterdam,executive-ev,97,87,181,326,1.87,1.80,false,true,Almere Haven → Rotterdam,201,-4,110.38,70.62,39.0,163,213,Market,199,50,Needs Review,Placeholder — prijs te controleren. Marktdata = placeholder.
intercity,almere-haven,rotterdam,business,97,87,181,326,1.87,1.80,false,true,Almere Haven → Rotterdam,201,-4,110.38,70.62,39.0,163,213,Market,199,50,Needs Review,Placeholder — prijs te controleren. Marktdata = placeholder.
intercity,almere-haven,den-haag,executive-ev,98,88,182,328,1.86,1.80,false,true,Almere Haven → Den Haag,203,-5,111.52,70.48,38.7,165,215,Market,205,50,Needs Review,Placeholder — prijs te controleren. Marktdata = placeholder.
intercity,almere-haven,den-haag,business,98,88,182,328,1.86,1.80,false,true,Almere Haven → Den Haag,203,-5,111.52,70.48,38.7,165,215,Market,205,50,Needs Review,Placeholder — prijs te controleren. Marktdata = placeholder.
intercity,almere-haven,utrecht,executive-ev,41,37,97,175,2.37,1.80,false,true,Almere Haven → Utrecht,92,13,50.86,46.14,47.6,74,97,Premium,89,50,Needs Review,Placeholder — prijs te controleren. Marktdata = placeholder.
intercity,almere-haven,utrecht,business,41,37,97,175,2.37,1.80,false,true,Almere Haven → Utrecht,92,13,50.86,46.14,47.6,74,97,Premium,89,50,Needs Review,Placeholder — prijs te controleren. Marktdata = placeholder.
intercity,almere-muziekwijk,amsterdam,executive-ev,33,30,85,153,2.58,1.80,false,true,Almere Muziekwijk → Amsterdam,77,16,42.46,42.54,50.0,61,79,Premium,75,50,Needs Review,Placeholder — prijs te controleren. Marktdata = placeholder.
intercity,almere-muziekwijk,amsterdam,business,33,30,85,153,2.58,1.80,false,true,Almere Muziekwijk → Amsterdam,77,16,42.46,42.54,50.0,61,79,Premium,75,50,Needs Review,Placeholder — prijs te controleren. Marktdata = placeholder.
intercity,almere-muziekwijk,rotterdam,executive-ev,97,87,181,326,1.87,1.80,false,true,Almere Muziekwijk → Rotterdam,201,-4,110.38,70.62,39.0,163,213,Market,199,50,Needs Review,Placeholder — prijs te controleren. Marktdata = placeholder.
intercity,almere-muziekwijk,rotterdam,business,97,87,181,326,1.87,1.80,false,true,Almere Muziekwijk → Rotterdam,201,-4,110.38,70.62,39.0,163,213,Market,199,50,Needs Review,Placeholder — prijs te controleren. Marktdata = placeholder.
intercity,almere-muziekwijk,den-haag,executive-ev,98,88,182,328,1.86,1.80,false,true,Almere Muziekwijk → Den Haag,203,-5,111.52,70.48,38.7,165,215,Market,205,50,Needs Review,Placeholder — prijs te controleren. Marktdata = placeholder.
intercity,almere-muziekwijk,den-haag,business,98,88,182,328,1.86,1.80,false,true,Almere Muziekwijk → Den Haag,203,-5,111.52,70.48,38.7,165,215,Market,205,50,Needs Review,Placeholder — prijs te controleren. Marktdata = placeholder.
intercity,almere-muziekwijk,utrecht,executive-ev,41,37,97,175,2.37,1.80,false,true,Almere Muziekwijk → Utrecht,92,13,50.86,46.14,47.6,74,97,Premium,89,50,Needs Review,Placeholder — prijs te controleren. Marktdata = placeholder.
intercity,almere-muziekwijk,utrecht,business,41,37,97,175,2.37,1.80,false,true,Almere Muziekwijk → Utrecht,92,13,50.86,46.14,47.6,74,97,Premium,89,50,Needs Review,Placeholder — prijs te controleren. Marktdata = placeholder.
intercity,almere-buiten,amsterdam,executive-ev,33,30,85,153,2.58,1.80,false,true,Almere Buiten → Amsterdam,77,16,42.46,42.54,50.0,61,79,Premium,75,50,Needs Review,Placeholder — prijs te controleren. Marktdata = placeholder.
intercity,almere-buiten,amsterdam,business,33,30,85,153,2.58,1.80,false,true,Almere Buiten → Amsterdam,77,16,42.46,42.54,50.0,61,79,Premium,75,50,Needs Review,Placeholder — prijs te controleren. Marktdata = placeholder.
intercity,almere-buiten,rotterdam,executive-ev,97,87,181,326,1.87,1.80,false,true,Almere Buiten → Rotterdam,201,-4,110.38,70.62,39.0,163,213,Market,199,50,Needs Review,Placeholder — prijs te controleren. Marktdata = placeholder.
intercity,almere-buiten,rotterdam,business,97,87,181,326,1.87,1.80,false,true,Almere Buiten → Rotterdam,201,-4,110.38,70.62,39.0,163,213,Market,199,50,Needs Review,Placeholder — prijs te controleren. Marktdata = placeholder.
intercity,almere-buiten,den-haag,executive-ev,98,88,182,328,1.86,1.80,false,true,Almere Buiten → Den Haag,203,-5,111.52,70.48,38.7,165,215,Market,205,50,Needs Review,Placeholder — prijs te controleren. Marktdata = placeholder.
intercity,almere-buiten,den-haag,business,98,88,182,328,1.86,1.80,false,true,Almere Buiten → Den Haag,203,-5,111.52,70.48,38.7,165,215,Market,205,50,Needs Review,Placeholder — prijs te controleren. Marktdata = placeholder.
intercity,almere-buiten,utrecht,executive-ev,41,37,97,175,2.37,1.80,false,true,Almere Buiten → Utrecht,92,13,50.86,46.14,47.6,74,97,Premium,89,50,Needs Review,Placeholder — prijs te controleren. Marktdata = placeholder.
intercity,almere-buiten,utrecht,business,41,37,97,175,2.37,1.80,false,true,Almere Buiten → Utrecht,92,13,50.86,46.14,47.6,74,97,Premium,89,50,Needs Review,Placeholder — prijs te controleren. Marktdata = placeholder.
intercity,almere-hout,amsterdam,executive-ev,33,30,85,153,2.58,1.80,false,true,Almere Hout → Amsterdam,77,16,42.46,42.54,50.0,61,79,Premium,75,50,Needs Review,Placeholder — prijs te controleren. Marktdata = placeholder.
intercity,almere-hout,amsterdam,business,33,30,85,153,2.58,1.80,false,true,Almere Hout → Amsterdam,77,16,42.46,42.54,50.0,61,79,Premium,75,50,Needs Review,Placeholder — prijs te controleren. Marktdata = placeholder.
intercity,almere-hout,rotterdam,executive-ev,97,87,181,326,1.87,1.80,false,true,Almere Hout → Rotterdam,201,-4,110.38,70.62,39.0,163,213,Market,199,50,Needs Review,Placeholder — prijs te controleren. Marktdata = placeholder.
intercity,almere-hout,rotterdam,business,97,87,181,326,1.87,1.80,false,true,Almere Hout → Rotterdam,201,-4,110.38,70.62,39.0,163,213,Market,199,50,Needs Review,Placeholder — prijs te controleren. Marktdata = placeholder.
intercity,almere-hout,den-haag,executive-ev,98,88,182,328,1.86,1.80,false,true,Almere Hout → Den Haag,203,-5,111.52,70.48,38.7,165,215,Market,205,50,Needs Review,Placeholder — prijs te controleren. Marktdata = placeholder.
intercity,almere-hout,den-haag,business,98,88,182,328,1.86,1.80,false,true,Almere Hout → Den Haag,203,-5,111.52,70.48,38.7,165,215,Market,205,50,Needs Review,Placeholder — prijs te controleren. Marktdata = placeholder.
intercity,almere-hout,utrecht,executive-ev,41,37,97,175,2.37,1.80,false,true,Almere Hout → Utrecht,92,13,50.86,46.14,47.6,74,97,Premium,89,50,Needs Review,Placeholder — prijs te controleren. Marktdata = placeholder.
intercity,almere-hout,utrecht,business,41,37,97,175,2.37,1.80,false,true,Almere Hout → Utrecht,92,13,50.86,46.14,47.6,74,97,Premium,89,50,Needs Review,Placeholder — prijs te controleren. Marktdata = placeholder.
intercity,almere-oostvaarders,amsterdam,executive-ev,33,30,85,153,2.58,1.80,false,true,Almere Oostvaarders → Amsterdam,77,16,42.46,42.54,50.0,61,79,Premium,75,50,Needs Review,Placeholder — prijs te controleren. Marktdata = placeholder.
intercity,almere-oostvaarders,amsterdam,business,33,30,85,153,2.58,1.80,false,true,Almere Oostvaarders → Amsterdam,77,16,42.46,42.54,50.0,61,79,Premium,75,50,Needs Review,Placeholder — prijs te controleren. Marktdata = placeholder.
intercity,almere-oostvaarders,rotterdam,executive-ev,97,87,181,326,1.87,1.80,false,true,Almere Oostvaarders → Rotterdam,201,-4,110.38,70.62,39.0,163,213,Market,199,50,Needs Review,Placeholder — prijs te controleren. Marktdata = placeholder.
intercity,almere-oostvaarders,rotterdam,business,97,87,181,326,1.87,1.80,false,true,Almere Oostvaarders → Rotterdam,201,-4,110.38,70.62,39.0,163,213,Market,199,50,Needs Review,Placeholder — prijs te controleren. Marktdata = placeholder.
intercity,almere-oostvaarders,den-haag,executive-ev,98,88,182,328,1.86,1.80,false,true,Almere Oostvaarders → Den Haag,203,-5,111.52,70.48,38.7,165,215,Market,205,50,Needs Review,Placeholder — prijs te controleren. Marktdata = placeholder.
intercity,almere-oostvaarders,den-haag,business,98,88,182,328,1.86,1.80,false,true,Almere Oostvaarders → Den Haag,203,-5,111.52,70.48,38.7,165,215,Market,205,50,Needs Review,Placeholder — prijs te controleren. Marktdata = placeholder.
intercity,almere-oostvaarders,utrecht,executive-ev,41,37,97,175,2.37,1.80,false,true,Almere Oostvaarders → Utrecht,92,13,50.86,46.14,47.6,74,97,Premium,89,50,Needs Review,Placeholder — prijs te controleren. Marktdata = placeholder.
intercity,almere-oostvaarders,utrecht,business,41,37,97,175,2.37,1.80,false,true,Almere Oostvaarders → Utrecht,92,13,50.86,46.14,47.6,74,97,Premium,89,50,Needs Review,Placeholder — prijs te controleren. Marktdata = placeholder.
intercity,amsterdam-zuidas,rotterdam,executive-ev,77,69,151,272,1.96,1.80,false,true,Amsterdam Zuidas → Rotterdam,162,2,89.02,61.98,41.0,131,171,Market,159,50,Needs Review,Placeholder — prijs te controleren. Marktdata = placeholder.
intercity,amsterdam-zuidas,rotterdam,business,77,69,151,272,1.96,1.80,false,true,Amsterdam Zuidas → Rotterdam,162,2,89.02,61.98,41.0,131,171,Market,159,50,Needs Review,Placeholder — prijs te controleren. Marktdata = placeholder.
intercity,amsterdam-zuidas,den-haag,executive-ev,71,64,142,256,2.00,1.80,false,true,Amsterdam Zuidas → Den Haag,151,4,82.9,59.1,41.6,121,159,Market,149,50,Needs Review,Placeholder — prijs te controleren. Marktdata = placeholder.
intercity,amsterdam-zuidas,den-haag,business,71,64,142,256,2.00,1.80,false,true,Amsterdam Zuidas → Den Haag,151,4,82.9,59.1,41.6,121,159,Market,149,50,Needs Review,Placeholder — prijs te controleren. Marktdata = placeholder.
intercity,amsterdam-zuidas,utrecht,executive-ev,46,41,104,187,2.26,1.80,false,true,Amsterdam Zuidas → Utrecht,102,11,55.84,48.16,46.3,82,107,Market,99,50,Needs Review,Placeholder — prijs te controleren. Marktdata = placeholder.
intercity,amsterdam-zuidas,utrecht,business,46,41,104,187,2.26,1.80,false,true,Amsterdam Zuidas → Utrecht,102,11,55.84,48.16,46.3,82,107,Market,99,50,Needs Review,Placeholder — prijs te controleren. Marktdata = placeholder.
intercity,amsterdam-zuidas,eindhoven,executive-ev,149,134,259,466,1.74,1.80,false,true,Amsterdam Zuidas → Eindhoven,302,-21,166.06,92.94,35.9,246,322,Market,299,50,Needs Review,Placeholder — prijs te controleren. Marktdata = placeholder.
intercity,amsterdam-zuidas,eindhoven,business,149,134,259,466,1.74,1.80,false,true,Amsterdam Zuidas → Eindhoven,302,-21,166.06,92.94,35.9,246,322,Market,299,50,Needs Review,Placeholder — prijs te controleren. Marktdata = placeholder.
intercity,amsterdam-centrum,rotterdam,executive-ev,77,69,151,272,1.96,1.80,false,true,Amsterdam Centrum → Rotterdam,162,2,89.02,61.98,41.0,131,171,Market,159,50,Needs Review,Placeholder — prijs te controleren. Marktdata = placeholder.
intercity,amsterdam-centrum,rotterdam,business,77,69,151,272,1.96,1.80,false,true,Amsterdam Centrum → Rotterdam,162,2,89.02,61.98,41.0,131,171,Market,159,50,Needs Review,Placeholder — prijs te controleren. Marktdata = placeholder.
intercity,amsterdam-centrum,den-haag,executive-ev,71,64,142,256,2.00,1.80,false,true,Amsterdam Centrum → Den Haag,151,4,82.9,59.1,41.6,121,159,Market,149,50,Needs Review,Placeholder — prijs te controleren. Marktdata = placeholder.
intercity,amsterdam-centrum,den-haag,business,71,64,142,256,2.00,1.80,false,true,Amsterdam Centrum → Den Haag,151,4,82.9,59.1,41.6,121,159,Market,149,50,Needs Review,Placeholder — prijs te controleren. Marktdata = placeholder.
intercity,amsterdam-centrum,utrecht,executive-ev,46,41,104,187,2.26,1.80,false,true,Amsterdam Centrum → Utrecht,102,11,55.84,48.16,46.3,82,107,Market,99,50,Needs Review,Placeholder — prijs te controleren. Marktdata = placeholder.
intercity,amsterdam-centrum,utrecht,business,46,41,104,187,2.26,1.80,false,true,Amsterdam Centrum → Utrecht,102,11,55.84,48.16,46.3,82,107,Market,99,50,Needs Review,Placeholder — prijs te controleren. Marktdata = placeholder.
intercity,amsterdam-centrum,eindhoven,executive-ev,149,134,259,466,1.74,1.80,false,true,Amsterdam Centrum → Eindhoven,302,-21,166.06,92.94,35.9,246,322,Market,299,50,Needs Review,Placeholder — prijs te controleren. Marktdata = placeholder.
intercity,amsterdam-centrum,eindhoven,business,149,134,259,466,1.74,1.80,false,true,Amsterdam Centrum → Eindhoven,302,-21,166.06,92.94,35.9,246,322,Market,299,50,Needs Review,Placeholder — prijs te controleren. Marktdata = placeholder.
intercity,amsterdam-oud-zuid-de-pijp,rotterdam,executive-ev,77,69,151,272,1.96,1.80,false,true,Amsterdam Oud-Zuid / De Pijp → Rotterdam,162,2,89.02,61.98,41.0,131,171,Market,159,50,Needs Review,Placeholder — prijs te controleren. Marktdata = placeholder.
intercity,amsterdam-oud-zuid-de-pijp,rotterdam,business,77,69,151,272,1.96,1.80,false,true,Amsterdam Oud-Zuid / De Pijp → Rotterdam,162,2,89.02,61.98,41.0,131,171,Market,159,50,Needs Review,Placeholder — prijs te controleren. Marktdata = placeholder.
intercity,amsterdam-oud-zuid-de-pijp,den-haag,executive-ev,71,64,142,256,2.00,1.80,false,true,Amsterdam Oud-Zuid / De Pijp → Den Haag,151,4,82.9,59.1,41.6,121,159,Market,149,50,Needs Review,Placeholder — prijs te controleren. Marktdata = placeholder.
intercity,amsterdam-oud-zuid-de-pijp,den-haag,business,71,64,142,256,2.00,1.80,false,true,Amsterdam Oud-Zuid / De Pijp → Den Haag,151,4,82.9,59.1,41.6,121,159,Market,149,50,Needs Review,Placeholder — prijs te controleren. Marktdata = placeholder.
intercity,amsterdam-oud-zuid-de-pijp,utrecht,executive-ev,46,41,104,187,2.26,1.80,false,true,Amsterdam Oud-Zuid / De Pijp → Utrecht,102,11,55.84,48.16,46.3,82,107,Market,99,50,Needs Review,Placeholder — prijs te controleren. Marktdata = placeholder.
intercity,amsterdam-oud-zuid-de-pijp,utrecht,business,46,41,104,187,2.26,1.80,false,true,Amsterdam Oud-Zuid / De Pijp → Utrecht,102,11,55.84,48.16,46.3,82,107,Market,99,50,Needs Review,Placeholder — prijs te controleren. Marktdata = placeholder.
intercity,amsterdam-oud-zuid-de-pijp,eindhoven,executive-ev,149,134,259,466,1.74,1.80,false,true,Amsterdam Oud-Zuid / De Pijp → Eindhoven,302,-21,166.06,92.94,35.9,246,322,Market,299,50,Needs Review,Placeholder — prijs te controleren. Marktdata = placeholder.
intercity,amsterdam-oud-zuid-de-pijp,eindhoven,business,149,134,259,466,1.74,1.80,false,true,Amsterdam Oud-Zuid / De Pijp → Eindhoven,302,-21,166.06,92.94,35.9,246,322,Market,299,50,Needs Review,Placeholder — prijs te controleren. Marktdata = placeholder.
intercity,amsterdam-oost,rotterdam,executive-ev,77,69,151,272,1.96,1.80,false,true,Amsterdam Oost → Rotterdam,162,2,89.02,61.98,41.0,131,171,Market,159,50,Needs Review,Placeholder — prijs te controleren. Marktdata = placeholder.
intercity,amsterdam-oost,rotterdam,business,77,69,151,272,1.96,1.80,false,true,Amsterdam Oost → Rotterdam,162,2,89.02,61.98,41.0,131,171,Market,159,50,Needs Review,Placeholder — prijs te controleren. Marktdata = placeholder.
intercity,amsterdam-oost,den-haag,executive-ev,71,64,142,256,2.00,1.80,false,true,Amsterdam Oost → Den Haag,151,4,82.9,59.1,41.6,121,159,Market,149,50,Needs Review,Placeholder — prijs te controleren. Marktdata = placeholder.
intercity,amsterdam-oost,den-haag,business,71,64,142,256,2.00,1.80,false,true,Amsterdam Oost → Den Haag,151,4,82.9,59.1,41.6,121,159,Market,149,50,Needs Review,Placeholder — prijs te controleren. Marktdata = placeholder.
intercity,amsterdam-oost,utrecht,executive-ev,46,41,104,187,2.26,1.80,false,true,Amsterdam Oost → Utrecht,102,11,55.84,48.16,46.3,82,107,Market,99,50,Needs Review,Placeholder — prijs te controleren. Marktdata = placeholder.
intercity,amsterdam-oost,utrecht,business,46,41,104,187,2.26,1.80,false,true,Amsterdam Oost → Utrecht,102,11,55.84,48.16,46.3,82,107,Market,99,50,Needs Review,Placeholder — prijs te controleren. Marktdata = placeholder.
intercity,amsterdam-oost,eindhoven,executive-ev,149,134,259,466,1.74,1.80,false,true,Amsterdam Oost → Eindhoven,302,-21,166.06,92.94,35.9,246,322,Market,299,50,Needs Review,Placeholder — prijs te controleren. Marktdata = placeholder.
intercity,amsterdam-oost,eindhoven,business,149,134,259,466,1.74,1.80,false,true,Amsterdam Oost → Eindhoven,302,-21,166.06,92.94,35.9,246,322,Market,299,50,Needs Review,Placeholder — prijs te controleren. Marktdata = placeholder.
intercity,amsterdam-zuidoost-bijlmer,rotterdam,executive-ev,77,69,151,272,1.96,1.80,false,true,Amsterdam Zuidoost / Bijlmer → Rotterdam,162,2,89.02,61.98,41.0,131,171,Market,159,50,Needs Review,Placeholder — prijs te controleren. Marktdata = placeholder.
intercity,amsterdam-zuidoost-bijlmer,rotterdam,business,77,69,151,272,1.96,1.80,false,true,Amsterdam Zuidoost / Bijlmer → Rotterdam,162,2,89.02,61.98,41.0,131,171,Market,159,50,Needs Review,Placeholder — prijs te controleren. Marktdata = placeholder.
intercity,amsterdam-zuidoost-bijlmer,den-haag,executive-ev,71,64,142,256,2.00,1.80,false,true,Amsterdam Zuidoost / Bijlmer → Den Haag,151,4,82.9,59.1,41.6,121,159,Market,149,50,Needs Review,Placeholder — prijs te controleren. Marktdata = placeholder.
intercity,amsterdam-zuidoost-bijlmer,den-haag,business,71,64,142,256,2.00,1.80,false,true,Amsterdam Zuidoost / Bijlmer → Den Haag,151,4,82.9,59.1,41.6,121,159,Market,149,50,Needs Review,Placeholder — prijs te controleren. Marktdata = placeholder.
intercity,amsterdam-zuidoost-bijlmer,utrecht,executive-ev,46,41,104,187,2.26,1.80,false,true,Amsterdam Zuidoost / Bijlmer → Utrecht,102,11,55.84,48.16,46.3,82,107,Market,99,50,Needs Review,Placeholder — prijs te controleren. Marktdata = placeholder.
intercity,amsterdam-zuidoost-bijlmer,utrecht,business,46,41,104,187,2.26,1.80,false,true,Amsterdam Zuidoost / Bijlmer → Utrecht,102,11,55.84,48.16,46.3,82,107,Market,99,50,Needs Review,Placeholder — prijs te controleren. Marktdata = placeholder.
intercity,amsterdam-zuidoost-bijlmer,eindhoven,executive-ev,149,134,259,466,1.74,1.80,false,true,Amsterdam Zuidoost / Bijlmer → Eindhoven,302,-21,166.06,92.94,35.9,246,322,Market,299,50,Needs Review,Placeholder — prijs te controleren. Marktdata = placeholder.
intercity,amsterdam-zuidoost-bijlmer,eindhoven,business,149,134,259,466,1.74,1.80,false,true,Amsterdam Zuidoost / Bijlmer → Eindhoven,302,-21,166.06,92.94,35.9,246,322,Market,299,50,Needs Review,Placeholder — prijs te controleren. Marktdata = placeholder.
intercity,amsterdam-noord,rotterdam,executive-ev,77,69,151,272,1.96,1.80,false,true,Amsterdam Noord → Rotterdam,162,2,89.02,61.98,41.0,131,171,Market,159,50,Needs Review,Placeholder — prijs te controleren. Marktdata = placeholder.
intercity,amsterdam-noord,rotterdam,business,77,69,151,272,1.96,1.80,false,true,Amsterdam Noord → Rotterdam,162,2,89.02,61.98,41.0,131,171,Market,159,50,Needs Review,Placeholder — prijs te controleren. Marktdata = placeholder.
intercity,amsterdam-noord,den-haag,executive-ev,71,64,142,256,2.00,1.80,false,true,Amsterdam Noord → Den Haag,151,4,82.9,59.1,41.6,121,159,Market,149,50,Needs Review,Placeholder — prijs te controleren. Marktdata = placeholder.
intercity,amsterdam-noord,den-haag,business,71,64,142,256,2.00,1.80,false,true,Amsterdam Noord → Den Haag,151,4,82.9,59.1,41.6,121,159,Market,149,50,Needs Review,Placeholder — prijs te controleren. Marktdata = placeholder.
intercity,amsterdam-noord,utrecht,executive-ev,46,41,104,187,2.26,1.80,false,true,Amsterdam Noord → Utrecht,102,11,55.84,48.16,46.3,82,107,Market,99,50,Needs Review,Placeholder — prijs te controleren. Marktdata = placeholder.
intercity,amsterdam-noord,utrecht,business,46,41,104,187,2.26,1.80,false,true,Amsterdam Noord → Utrecht,102,11,55.84,48.16,46.3,82,107,Market,99,50,Needs Review,Placeholder — prijs te controleren. Marktdata = placeholder.
intercity,amsterdam-noord,eindhoven,executive-ev,149,134,259,466,1.74,1.80,false,true,Amsterdam Noord → Eindhoven,302,-21,166.06,92.94,35.9,246,322,Market,299,50,Needs Review,Placeholder — prijs te controleren. Marktdata = placeholder.
intercity,amsterdam-noord,eindhoven,business,149,134,259,466,1.74,1.80,false,true,Amsterdam Noord → Eindhoven,302,-21,166.06,92.94,35.9,246,322,Market,299,50,Needs Review,Placeholder — prijs te controleren. Marktdata = placeholder.
intercity,leidsche-rijn,amsterdam,executive-ev,46,41,104,187,2.26,1.80,false,true,Leidsche Rijn → Amsterdam,102,11,55.84,48.16,46.3,82,107,Market,99,50,Needs Review,Placeholder — prijs te controleren. Marktdata = placeholder.
intercity,leidsche-rijn,amsterdam,business,46,41,104,187,2.26,1.80,false,true,Leidsche Rijn → Amsterdam,102,11,55.84,48.16,46.3,82,107,Market,99,50,Needs Review,Placeholder — prijs te controleren. Marktdata = placeholder.
intercity,leidsche-rijn,rotterdam,executive-ev,65,59,133,239,2.05,1.80,false,true,Leidsche Rijn → Rotterdam,140,6,76.78,56.22,42.3,112,146,Market,139,50,Needs Review,Placeholder — prijs te controleren. Marktdata = placeholder.
intercity,leidsche-rijn,rotterdam,business,65,59,133,239,2.05,1.80,false,true,Leidsche Rijn → Rotterdam,140,6,76.78,56.22,42.3,112,146,Market,139,50,Needs Review,Placeholder — prijs te controleren. Marktdata = placeholder.
intercity,leidsche-rijn,den-haag,executive-ev,76,68,149,268,1.96,1.80,false,true,Leidsche Rijn → Den Haag,160,2,87.88,61.12,41.0,129,169,Market,159,50,Needs Review,Placeholder — prijs te controleren. Marktdata = placeholder.
intercity,leidsche-rijn,den-haag,business,76,68,149,268,1.96,1.80,false,true,Leidsche Rijn → Den Haag,160,2,87.88,61.12,41.0,129,169,Market,159,50,Needs Review,Placeholder — prijs te controleren. Marktdata = placeholder.
intercity,utrecht-centrum,amsterdam,executive-ev,46,41,104,187,2.26,1.80,false,true,Utrecht Centrum → Amsterdam,102,11,55.84,48.16,46.3,82,107,Market,99,50,Needs Review,Placeholder — prijs te controleren. Marktdata = placeholder.
intercity,utrecht-centrum,amsterdam,business,46,41,104,187,2.26,1.80,false,true,Utrecht Centrum → Amsterdam,102,11,55.84,48.16,46.3,82,107,Market,99,50,Needs Review,Placeholder — prijs te controleren. Marktdata = placeholder.
intercity,utrecht-centrum,rotterdam,executive-ev,65,59,133,239,2.05,1.80,false,true,Utrecht Centrum → Rotterdam,140,6,76.78,56.22,42.3,112,146,Market,139,50,Needs Review,Placeholder — prijs te controleren. Marktdata = placeholder.
intercity,utrecht-centrum,rotterdam,business,65,59,133,239,2.05,1.80,false,true,Utrecht Centrum → Rotterdam,140,6,76.78,56.22,42.3,112,146,Market,139,50,Needs Review,Placeholder — prijs te controleren. Marktdata = placeholder.
intercity,utrecht-centrum,den-haag,executive-ev,76,68,149,268,1.96,1.80,false,true,Utrecht Centrum → Den Haag,160,2,87.88,61.12,41.0,129,169,Market,159,50,Needs Review,Placeholder — prijs te controleren. Marktdata = placeholder.
intercity,utrecht-centrum,den-haag,business,76,68,149,268,1.96,1.80,false,true,Utrecht Centrum → Den Haag,160,2,87.88,61.12,41.0,129,169,Market,159,50,Needs Review,Placeholder — prijs te controleren. Marktdata = placeholder.
intercity,de-uithof-science-park,amsterdam,executive-ev,46,41,104,187,2.26,1.80,false,true,De Uithof → Amsterdam,102,11,55.84,48.16,46.3,82,107,Market,99,50,Needs Review,Placeholder — prijs te controleren. Marktdata = placeholder.
intercity,de-uithof-science-park,amsterdam,business,46,41,104,187,2.26,1.80,false,true,De Uithof → Amsterdam,102,11,55.84,48.16,46.3,82,107,Market,99,50,Needs Review,Placeholder — prijs te controleren. Marktdata = placeholder.
intercity,de-uithof-science-park,rotterdam,executive-ev,65,59,133,239,2.05,1.80,false,true,De Uithof → Rotterdam,140,6,76.78,56.22,42.3,112,146,Market,139,50,Needs Review,Placeholder — prijs te controleren. Marktdata = placeholder.
intercity,de-uithof-science-park,rotterdam,business,65,59,133,239,2.05,1.80,false,true,De Uithof → Rotterdam,140,6,76.78,56.22,42.3,112,146,Market,139,50,Needs Review,Placeholder — prijs te controleren. Marktdata = placeholder.
intercity,de-uithof-science-park,den-haag,executive-ev,76,68,149,268,1.96,1.80,false,true,De Uithof → Den Haag,160,2,87.88,61.12,41.0,129,169,Market,159,50,Needs Review,Placeholder — prijs te controleren. Marktdata = placeholder.
intercity,de-uithof-science-park,den-haag,business,76,68,149,268,1.96,1.80,false,true,De Uithof → Den Haag,160,2,87.88,61.12,41.0,129,169,Market,159,50,Needs Review,Placeholder — prijs te controleren. Marktdata = placeholder.
day_trip,amsterdam,antwerpen,executive-ev,179,161,536,,2.99,,false,true,Amsterdam → Antwerpen,360,201,198.1,337.9,63.0,295,385,Luxury,359,35,Needs Review,Placeholder — prijs te controleren. Buitenlandse dagtocht; retourprijs n.v.t. Hoge prijs/km — korte rit. Marktdata = placeholder.
day_trip,amsterdam,antwerpen,business,179,161,536,,2.99,,false,true,Amsterdam → Antwerpen,360,201,198.1,337.9,63.0,295,385,Luxury,359,35,Needs Review,Placeholder — prijs te controleren. Buitenlandse dagtocht; retourprijs n.v.t. Hoge prijs/km — korte rit. Marktdata = placeholder.
day_trip,amsterdam,brussel,executive-ev,234,211,624,,2.67,,false,true,Amsterdam → Brussel,468,189,257.2,366.8,58.8,383,500,Premium,469,35,Needs Review,Placeholder — prijs te controleren. Buitenlandse dagtocht; retourprijs n.v.t. Marktdata = placeholder.
day_trip,amsterdam,brussel,business,234,211,624,,2.67,,false,true,Amsterdam → Brussel,468,189,257.2,366.8,58.8,383,500,Premium,469,35,Needs Review,Placeholder — prijs te controleren. Buitenlandse dagtocht; retourprijs n.v.t. Marktdata = placeholder.
day_trip,amsterdam,brugge,executive-ev,234,211,624,,2.67,,false,true,Amsterdam → Brugge,468,189,257.2,366.8,58.8,383,500,Premium,469,35,Needs Review,Placeholder — prijs te controleren. Buitenlandse dagtocht; retourprijs n.v.t. Marktdata = placeholder.
day_trip,amsterdam,brugge,business,234,211,624,,2.67,,false,true,Amsterdam → Brugge,468,189,257.2,366.8,58.8,383,500,Premium,469,35,Needs Review,Placeholder — prijs te controleren. Buitenlandse dagtocht; retourprijs n.v.t. Marktdata = placeholder.
day_trip,amsterdam,dusseldorf,executive-ev,244,220,640,,2.62,,false,true,Amsterdam → Düsseldorf,487,187,267.88,372.12,58.1,399,521,Premium,485,35,Needs Review,Placeholder — prijs te controleren. Buitenlandse dagtocht; retourprijs n.v.t. Marktdata = placeholder.
day_trip,amsterdam,dusseldorf,business,244,220,640,,2.62,,false,true,Amsterdam → Düsseldorf,487,187,267.88,372.12,58.1,399,521,Premium,485,35,Needs Review,Placeholder — prijs te controleren. Buitenlandse dagtocht; retourprijs n.v.t. Marktdata = placeholder.
day_trip,amsterdam,keulen,executive-ev,288,259,711,,2.47,,false,true,Amsterdam → Keulen,572,178,314.44,396.56,55.8,469,613,Premium,569,35,Needs Review,Placeholder — prijs te controleren. Buitenlandse dagtocht; retourprijs n.v.t. Marktdata = placeholder.
day_trip,amsterdam,keulen,business,288,259,711,,2.47,,false,true,Amsterdam → Keulen,572,178,314.44,396.56,55.8,469,613,Premium,569,35,Needs Review,Placeholder — prijs te controleren. Buitenlandse dagtocht; retourprijs n.v.t. Marktdata = placeholder.
day_trip,rotterdam,antwerpen,executive-ev,106,95,420,,3.96,,false,true,Rotterdam → Antwerpen,218,218,119.92,300.08,71.4,178,232,Luxury,219,35,Needs Review,Placeholder — prijs te controleren. Buitenlandse dagtocht; retourprijs n.v.t. Hoge prijs/km — korte rit. Marktdata = placeholder.
day_trip,rotterdam,antwerpen,business,106,95,420,,3.96,,false,true,Rotterdam → Antwerpen,218,218,119.92,300.08,71.4,178,232,Luxury,219,35,Needs Review,Placeholder — prijs te controleren. Buitenlandse dagtocht; retourprijs n.v.t. Hoge prijs/km — korte rit. Marktdata = placeholder.
day_trip,rotterdam,brussel,executive-ev,162,146,509,,3.14,,false,true,Rotterdam → Brussel,328,205,180.16,328.84,64.6,268,350,Luxury,329,35,Needs Review,Placeholder — prijs te controleren. Buitenlandse dagtocht; retourprijs n.v.t. Hoge prijs/km — korte rit. Marktdata = placeholder.
day_trip,rotterdam,brussel,business,162,146,509,,3.14,,false,true,Rotterdam → Brussel,328,205,180.16,328.84,64.6,268,350,Luxury,329,35,Needs Review,Placeholder — prijs te controleren. Buitenlandse dagtocht; retourprijs n.v.t. Hoge prijs/km — korte rit. Marktdata = placeholder.
day_trip,rotterdam,brugge,executive-ev,159,143,504,,3.17,,false,true,Rotterdam → Brugge,321,206,176.74,327.26,64.9,262,343,Luxury,319,35,Needs Review,Placeholder — prijs te controleren. Buitenlandse dagtocht; retourprijs n.v.t. Hoge prijs/km — korte rit. Marktdata = placeholder.
day_trip,rotterdam,brugge,business,159,143,504,,3.17,,false,true,Rotterdam → Brugge,321,206,176.74,327.26,64.9,262,343,Luxury,319,35,Needs Review,Placeholder — prijs te controleren. Buitenlandse dagtocht; retourprijs n.v.t. Hoge prijs/km — korte rit. Marktdata = placeholder.
day_trip,rotterdam,dusseldorf,executive-ev,238,214,631,,2.65,,false,true,Rotterdam → Düsseldorf,475,189,261.04,369.96,58.6,389,508,Premium,475,35,Needs Review,Placeholder — prijs te controleren. Buitenlandse dagtocht; retourprijs n.v.t. Marktdata = placeholder.
day_trip,rotterdam,dusseldorf,business,238,214,631,,2.65,,false,true,Rotterdam → Düsseldorf,475,189,261.04,369.96,58.6,389,508,Premium,475,35,Needs Review,Placeholder — prijs te controleren. Buitenlandse dagtocht; retourprijs n.v.t. Marktdata = placeholder.
day_trip,rotterdam,keulen,executive-ev,276,248,692,,2.51,,false,true,Rotterdam → Keulen,548,181,301.48,390.52,56.4,450,588,Premium,549,35,Needs Review,Placeholder — prijs te controleren. Buitenlandse dagtocht; retourprijs n.v.t. Marktdata = placeholder.
day_trip,rotterdam,keulen,business,276,248,692,,2.51,,false,true,Rotterdam → Keulen,548,181,301.48,390.52,56.4,450,588,Premium,549,35,Needs Review,Placeholder — prijs te controleren. Buitenlandse dagtocht; retourprijs n.v.t. Marktdata = placeholder.
day_trip,den-haag,antwerpen,executive-ev,128,115,455,,3.55,,false,true,Den Haag → Antwerpen,261,213,143.56,311.44,68.4,213,278,Luxury,259,35,Needs Review,Placeholder — prijs te controleren. Buitenlandse dagtocht; retourprijs n.v.t. Hoge prijs/km — korte rit. Marktdata = placeholder.
day_trip,den-haag,antwerpen,business,128,115,455,,3.55,,false,true,Den Haag → Antwerpen,261,213,143.56,311.44,68.4,213,278,Luxury,259,35,Needs Review,Placeholder — prijs te controleren. Buitenlandse dagtocht; retourprijs n.v.t. Hoge prijs/km — korte rit. Marktdata = placeholder.
day_trip,den-haag,brussel,executive-ev,183,165,543,,2.97,,false,true,Den Haag → Brussel,368,201,202.66,340.34,62.7,301,393,Luxury,369,35,Needs Review,Placeholder — prijs te controleren. Buitenlandse dagtocht; retourprijs n.v.t. Hoge prijs/km — korte rit. Marktdata = placeholder.
day_trip,den-haag,brussel,business,183,165,543,,2.97,,false,true,Den Haag → Brussel,368,201,202.66,340.34,62.7,301,393,Luxury,369,35,Needs Review,Placeholder — prijs te controleren. Buitenlandse dagtocht; retourprijs n.v.t. Hoge prijs/km — korte rit. Marktdata = placeholder.
day_trip,den-haag,brugge,executive-ev,164,148,512,,3.12,,false,true,Den Haag → Brugge,332,204,182.44,329.56,64.4,271,354,Luxury,329,35,Needs Review,Placeholder — prijs te controleren. Buitenlandse dagtocht; retourprijs n.v.t. Hoge prijs/km — korte rit. Marktdata = placeholder.
day_trip,den-haag,brugge,business,164,148,512,,3.12,,false,true,Den Haag → Brugge,332,204,182.44,329.56,64.4,271,354,Luxury,329,35,Needs Review,Placeholder — prijs te controleren. Buitenlandse dagtocht; retourprijs n.v.t. Hoge prijs/km — korte rit. Marktdata = placeholder.
day_trip,den-haag,dusseldorf,executive-ev,263,237,671,,2.55,,false,true,Den Haag → Düsseldorf,524,183,288.1,382.9,57.1,429,561,Premium,525,35,Needs Review,Placeholder — prijs te controleren. Buitenlandse dagtocht; retourprijs n.v.t. Marktdata = placeholder.
day_trip,den-haag,dusseldorf,business,263,237,671,,2.55,,false,true,Den Haag → Düsseldorf,524,183,288.1,382.9,57.1,429,561,Premium,525,35,Needs Review,Placeholder — prijs te controleren. Buitenlandse dagtocht; retourprijs n.v.t. Marktdata = placeholder.
day_trip,den-haag,keulen,executive-ev,301,271,732,,2.43,,false,true,Den Haag → Keulen,597,175,328.54,403.46,55.1,490,641,Premium,595,35,Needs Review,Placeholder — prijs te controleren. Buitenlandse dagtocht; retourprijs n.v.t. Marktdata = placeholder.
day_trip,den-haag,keulen,business,301,271,732,,2.43,,false,true,Den Haag → Keulen,597,175,328.54,403.46,55.1,490,641,Premium,595,35,Needs Review,Placeholder — prijs te controleren. Buitenlandse dagtocht; retourprijs n.v.t. Marktdata = placeholder.
day_trip,utrecht,antwerpen,executive-ev,147,132,485,,3.30,,false,true,Utrecht → Antwerpen,298,209,163.78,321.22,66.2,243,317,Luxury,299,35,Needs Review,Placeholder — prijs te controleren. Buitenlandse dagtocht; retourprijs n.v.t. Hoge prijs/km — korte rit. Marktdata = placeholder.
day_trip,utrecht,antwerpen,business,147,132,485,,3.30,,false,true,Utrecht → Antwerpen,298,209,163.78,321.22,66.2,243,317,Luxury,299,35,Needs Review,Placeholder — prijs te controleren. Buitenlandse dagtocht; retourprijs n.v.t. Hoge prijs/km — korte rit. Marktdata = placeholder.
day_trip,utrecht,brussel,executive-ev,200,180,570,,2.85,,false,true,Utrecht → Brussel,401,197,220.6,349.4,61.3,328,429,Luxury,399,35,Needs Review,Placeholder — prijs te controleren. Buitenlandse dagtocht; retourprijs n.v.t. Hoge prijs/km — korte rit. Marktdata = placeholder.
day_trip,utrecht,brussel,business,200,180,570,,2.85,,false,true,Utrecht → Brussel,401,197,220.6,349.4,61.3,328,429,Luxury,399,35,Needs Review,Placeholder — prijs te controleren. Buitenlandse dagtocht; retourprijs n.v.t. Hoge prijs/km — korte rit. Marktdata = placeholder.
day_trip,utrecht,brugge,executive-ev,221,199,604,,2.73,,false,true,Utrecht → Brugge,442,193,243.1,360.9,59.8,362,473,Luxury,439,35,Needs Review,Placeholder — prijs te controleren. Buitenlandse dagtocht; retourprijs n.v.t. Hoge prijs/km — korte rit. Marktdata = placeholder.
day_trip,utrecht,brugge,business,221,199,604,,2.73,,false,true,Utrecht → Brugge,442,193,243.1,360.9,59.8,362,473,Luxury,439,35,Needs Review,Placeholder — prijs te controleren. Buitenlandse dagtocht; retourprijs n.v.t. Hoge prijs/km — korte rit. Marktdata = placeholder.
day_trip,utrecht,dusseldorf,executive-ev,201,181,572,,2.85,,false,true,Utrecht → Düsseldorf,403,197,221.74,350.26,61.2,330,431,Luxury,405,35,Needs Review,Placeholder — prijs te controleren. Buitenlandse dagtocht; retourprijs n.v.t. Hoge prijs/km — korte rit. Marktdata = placeholder.
day_trip,utrecht,dusseldorf,business,201,181,572,,2.85,,false,true,Utrecht → Düsseldorf,403,197,221.74,350.26,61.2,330,431,Luxury,405,35,Needs Review,Placeholder — prijs te controleren. Buitenlandse dagtocht; retourprijs n.v.t. Hoge prijs/km — korte rit. Marktdata = placeholder.
day_trip,utrecht,keulen,executive-ev,244,220,640,,2.62,,false,true,Utrecht → Keulen,487,187,267.88,372.12,58.1,399,521,Premium,485,35,Needs Review,Placeholder — prijs te controleren. Buitenlandse dagtocht; retourprijs n.v.t. Marktdata = placeholder.
day_trip,utrecht,keulen,business,244,220,640,,2.62,,false,true,Utrecht → Keulen,487,187,267.88,372.12,58.1,399,521,Premium,485,35,Needs Review,Placeholder — prijs te controleren. Buitenlandse dagtocht; retourprijs n.v.t. Marktdata = placeholder.
day_trip,almere,antwerpen,executive-ev,188,169,551,,2.93,,false,true,Almere → Antwerpen,378,200,207.64,343.36,62.3,309,404,Luxury,379,35,Needs Review,Placeholder — prijs te controleren. Buitenlandse dagtocht; retourprijs n.v.t. Hoge prijs/km — korte rit. Marktdata = placeholder.
day_trip,almere,antwerpen,business,188,169,551,,2.93,,false,true,Almere → Antwerpen,378,200,207.64,343.36,62.3,309,404,Luxury,379,35,Needs Review,Placeholder — prijs te controleren. Buitenlandse dagtocht; retourprijs n.v.t. Hoge prijs/km — korte rit. Marktdata = placeholder.
day_trip,almere,brussel,executive-ev,241,217,636,,2.64,,false,true,Almere → Brussel,481,188,264.46,371.54,58.4,394,515,Premium,479,35,Needs Review,Placeholder — prijs te controleren. Buitenlandse dagtocht; retourprijs n.v.t. Marktdata = placeholder.
day_trip,almere,brussel,business,241,217,636,,2.64,,false,true,Almere → Brussel,481,188,264.46,371.54,58.4,394,515,Premium,479,35,Needs Review,Placeholder — prijs te controleren. Buitenlandse dagtocht; retourprijs n.v.t. Marktdata = placeholder.
day_trip,almere,brugge,executive-ev,255,230,658,,2.58,,false,true,Almere → Brugge,509,185,279.7,378.3,57.5,416,544,Premium,509,35,Needs Review,Placeholder — prijs te controleren. Buitenlandse dagtocht; retourprijs n.v.t. Marktdata = placeholder.
day_trip,almere,brugge,business,255,230,658,,2.58,,false,true,Almere → Brugge,509,185,279.7,378.3,57.5,416,544,Premium,509,35,Needs Review,Placeholder — prijs te controleren. Buitenlandse dagtocht; retourprijs n.v.t. Marktdata = placeholder.
day_trip,almere,dusseldorf,executive-ev,219,197,600,,2.74,,false,true,Almere → Düsseldorf,438,192,240.82,359.18,59.9,359,469,Luxury,439,35,Needs Review,Placeholder — prijs te controleren. Buitenlandse dagtocht; retourprijs n.v.t. Hoge prijs/km — korte rit. Marktdata = placeholder.
day_trip,almere,dusseldorf,business,219,197,600,,2.74,,false,true,Almere → Düsseldorf,438,192,240.82,359.18,59.9,359,469,Luxury,439,35,Needs Review,Placeholder — prijs te controleren. Buitenlandse dagtocht; retourprijs n.v.t. Hoge prijs/km — korte rit. Marktdata = placeholder.
day_trip,almere,keulen,executive-ev,264,238,672,,2.55,,false,true,Almere → Keulen,526,182,289.24,382.76,57.0,431,564,Premium,525,35,Needs Review,Placeholder — prijs te controleren. Buitenlandse dagtocht; retourprijs n.v.t. Marktdata = placeholder.
day_trip,almere,keulen,business,264,238,672,,2.55,,false,true,Almere → Keulen,526,182,289.24,382.76,57.0,431,564,Premium,525,35,Needs Review,Placeholder — prijs te controleren. Buitenlandse dagtocht; retourprijs n.v.t. Marktdata = placeholder.
day_trip,eindhoven,antwerpen,executive-ev,106,95,420,,3.96,,false,true,Eindhoven → Antwerpen,218,218,119.92,300.08,71.4,178,232,Luxury,219,35,Needs Review,Placeholder — prijs te controleren. Buitenlandse dagtocht; retourprijs n.v.t. Hoge prijs/km — korte rit. Marktdata = placeholder.
day_trip,eindhoven,antwerpen,business,106,95,420,,3.96,,false,true,Eindhoven → Antwerpen,218,218,119.92,300.08,71.4,178,232,Luxury,219,35,Needs Review,Placeholder — prijs te controleren. Buitenlandse dagtocht; retourprijs n.v.t. Hoge prijs/km — korte rit. Marktdata = placeholder.
day_trip,eindhoven,brussel,executive-ev,138,124,471,,3.41,,false,true,Eindhoven → Brussel,280,211,154.24,316.76,67.3,229,299,Luxury,279,35,Needs Review,Placeholder — prijs te controleren. Buitenlandse dagtocht; retourprijs n.v.t. Hoge prijs/km — korte rit. Marktdata = placeholder.
day_trip,eindhoven,brussel,business,138,124,471,,3.41,,false,true,Eindhoven → Brussel,280,211,154.24,316.76,67.3,229,299,Luxury,279,35,Needs Review,Placeholder — prijs te controleren. Buitenlandse dagtocht; retourprijs n.v.t. Hoge prijs/km — korte rit. Marktdata = placeholder.
day_trip,eindhoven,brugge,executive-ev,213,192,591,,2.77,,false,true,Eindhoven → Brugge,427,194,234.7,356.3,60.3,349,457,Luxury,425,35,Needs Review,Placeholder — prijs te controleren. Buitenlandse dagtocht; retourprijs n.v.t. Hoge prijs/km — korte rit. Marktdata = placeholder.
day_trip,eindhoven,brugge,business,213,192,591,,2.77,,false,true,Eindhoven → Brugge,427,194,234.7,356.3,60.3,349,457,Luxury,425,35,Needs Review,Placeholder — prijs te controleren. Buitenlandse dagtocht; retourprijs n.v.t. Hoge prijs/km — korte rit. Marktdata = placeholder.
day_trip,eindhoven,dusseldorf,executive-ev,126,113,452,,3.59,,false,true,Eindhoven → Düsseldorf,257,214,141.28,310.72,68.7,209,274,Luxury,255,35,Needs Review,Placeholder — prijs te controleren. Buitenlandse dagtocht; retourprijs n.v.t. Hoge prijs/km — korte rit. Marktdata = placeholder.
day_trip,eindhoven,dusseldorf,business,126,113,452,,3.59,,false,true,Eindhoven → Düsseldorf,257,214,141.28,310.72,68.7,209,274,Luxury,255,35,Needs Review,Placeholder — prijs te controleren. Buitenlandse dagtocht; retourprijs n.v.t. Hoge prijs/km — korte rit. Marktdata = placeholder.
day_trip,eindhoven,keulen,executive-ev,159,143,504,,3.17,,false,true,Eindhoven → Keulen,321,206,176.74,327.26,64.9,262,343,Luxury,319,35,Needs Review,Placeholder — prijs te controleren. Buitenlandse dagtocht; retourprijs n.v.t. Hoge prijs/km — korte rit. Marktdata = placeholder.
day_trip,eindhoven,keulen,business,159,143,504,,3.17,,false,true,Eindhoven → Keulen,321,206,176.74,327.26,64.9,262,343,Luxury,319,35,Needs Review,Placeholder — prijs te controleren. Buitenlandse dagtocht; retourprijs n.v.t. Hoge prijs/km — korte rit. Marktdata = placeholder.
