bestand;pijler;licentie;titel;bron
seizoen--mist-snelweg.jpg;seizoen;cc0;Free foggy highway road background;https://www.rawpixel.com/image/5903491/photo-image-aesthetic-background-cloud
seizoen--regen-autoraam.jpg;seizoen;cc0;Rain Drops;https://stocksnap.io/photo/rain-drops-A3GM7T9ZDV
moment--schemering-water.jpg;moment;cc0;Dark Street;https://stocksnap.io/photo/dark-street-CYFGA8QTFV
moment--kerstverlichting.jpg;moment;cc0;2024 - Photo of the street Koningsstraat and square Nieuwmarkt with Ch;https://commons.wikimedia.org/w/index.php?curid=164349949
moment--cadeaus.jpg;moment;cc0;Simple Christmas wrapped gift;https://www.rawpixel.com/image/6033021/photo-image-christmas-public-domain-ribbon
evenementen--entree-avond.jpg;evenementen;cc0;File:Oak Room (Plaza Hotel) entrance on 59th Street, Sept 2017.jpg;https://commons.wikimedia.org/w/index.php?curid=63068945
schiphol--terminalgang.jpg;schiphol;cc0;Original public domain image Wikimedia;https://www.rawpixel.com/image/3304108/free-photo-image-travel-airport-cc0
zakelijk--lobby.jpg;zakelijk;cc0;Yokohama Symphostage (inside) W-2F03 - Yamaha office lobby;https://commons.wikimedia.org/w/index.php?curid=149665402
zakelijk--zakenreiziger.jpg;zakelijk;cc0;London Underground;https://stocksnap.io/photo/london-underground-7E71222234
vasteprijs--stuur-detail.jpg;vasteprijs;cc0;Hands steering wheel;https://www.rawpixel.com/image/3286414/free-photo-image-car-steering-wheel-people-driving
nachttarief--snelweg-nacht.jpg;nachttarief;cc0;Long exposure light highway;https://www.rawpixel.com/image/5917488/image-light-public-domain-free
station--stationshal.jpg;station;cc0;Seven-Kings-Stn-P1610811 (49177710922);https://commons.wikimedia.org/w/index.php?curid=112575712
regio--rotterdam.jpg;regio;cc0;Erasmus bridge Rotterdam;https://www.rawpixel.com/image/5939168/erasmus-bridge-rotterdam
luchthavens--vleugel.jpg;luchthavens;cc0;Sunset Sky;https://stocksnap.io/photo/sunset-sky-EV0WQ57LE6
fairfare--weg-open.jpg;fairfare;cc0;Road Rural;https://stocksnap.io/photo/road-rural-DC980ABE32
vloot--laadpunt.jpg;vloot;cc0;Electric car charging station;https://www.rawpixel.com/image/6020562/photo-image-public-domain-space-free
247--stad-nacht.jpg;247;cc0;Newyork City;https://stocksnap.io/photo/newyork-city-4JV6F6555N
memberships--agenda.jpg;memberships;cc0;open calendar short notes scribbled;https://www.rawpixel.com/image/3299160/free-photo-image-calendar-time-plan
algemeen--asfalt-nat.jpg;algemeen;cc0;Wet road illuminated by light poles at night, the light is reflecting ;https://wordpress.org/photos/photo/33165a1455/
algemeen--koplampen.jpg;algemeen;cc0;City Light;https://stocksnap.io/photo/city-light-F9YKAHMCGY
