idx,datum,tijd,kanaal,facebook,pijler,kop,tekst,hashtags,beeld,bron
0,2026-08-25,09:00,gbp,false,Schiphol,Terug van vakantie — vaste prijs vanaf Schiphol,"Landt u de komende weken op Schiphol? Wij volgen uw vlucht en staan klaar wanneer u daadwerkelijk buiten komt, ook bij vertraging. Na de landing is 60 minuten wachttijd inbegrepen. De prijs staat vooraf vast: geen taxameter, geen verhoging bij drukte.",,2026-08-25-00.jpg,pre-herschrijving
1,2026-08-25,12:15,instagram,true,Schiphol,Vluchtmonitoring,"Een vertraagde vlucht verandert niets aan uw afspraak met ons.

Wij volgen uw vluchtstatus en passen het ophaalmoment automatisch aan. Na de landing heeft u 60 minuten om door de douane, langs de bagageband en naar buiten te lopen — die tijd is inbegrepen.

U hoeft ons niet te bellen. Wij zijn er al.

Amsterdam · Rotterdam · Almere · Den Haag",#t4xi #schipholtaxi #vluchtmonitoring #taxiamsterdam #arrivecomposed,2026-08-25-01.jpg,pre-herschrijving
2,2026-08-28,17:30,instagram,true,Vaste prijs,Waarom er geen taxameter in onze auto's zit,"Een taxameter verkoopt u onzekerheid. U stapt in zonder te weten wat u aan het eind betaalt, en elke file kost u geld.

Bij T4XI ziet u de prijs vóór u boekt. Die prijs is gebaseerd op uw vertrekpunt, bestemming en bagage — niet op het verkeer, en niet op de vraag van dat moment.

Wat u vooraf ziet, is wat u betaalt.",#t4xi #vasteprijs #geentaxameter #taxiamsterdam #taxirotterdam,2026-08-28-02.jpg,actueel
3,2026-08-31,09:00,gbp,false,Zakelijk,Zakelijk vervoer met maandfactuur,"September betekent weer volle agenda's. Met een zakelijk account bij T4XI rijden uw medewerkers en gasten op rekening: één maandfactuur, geen declaraties, een vaste chauffeur en volumekorting vanaf tien ritten per maand.",,2026-08-31-03.jpg,actueel
4,2026-09-01,12:15,instagram,true,Zakelijk,Het zakelijke seizoen begint,"Vanaf vandaag lopen de agenda's weer vol. Een klant van het station halen, een directielid naar Schiphol, gasten naar het hotel.

Met een zakelijk account regelt u dat één keer: ritten op rekening, één maandfactuur, een vaste chauffeur die uw mensen kent. Vanaf tien ritten per maand geldt volumekorting.

Geen declaratieformulieren meer.",#zakelijkvervoer #t4xi #businesstravel #taxiamsterdam #maandfactuur,2026-09-01-04.jpg,actueel
5,2026-09-04,17:30,instagram,true,Vloot,De auto waarin u zit,"Een Tesla Model Y of een Lynk & Co 01. Volledig elektrisch of plug-inhybride, allebei stil.

Dat is geen groen vinkje op een lijstje. Een stille auto betekent dat u kunt bellen zonder uw stem te verheffen, kunt werken zonder motorgeluid, of gewoon niets hoeft te doen.

Ruim, schoon en comfortabel. Maximaal vier passagiers.",#teslamodely #lynkco #elektrischrijden #t4xi #premiumvervoer,2026-09-04-05.jpg,actueel
6,2026-09-07,09:00,gbp,false,Schiphol,Vanaf Almere naar Schiphol,"T4XI is opgericht in Almere en rijdt dagelijks naar Schiphol. Vaste prijs vooraf, vertrek vanaf uw eigen voordeur en een chauffeur die ruim reistijd inplant. Ook 's nachts en in het weekend.",,2026-09-07-06.jpg,actueel
7,2026-09-08,12:15,instagram,true,Fair Fare,Fair Fare Promise,"Bij grote platforms verdwijnt een aanzienlijk deel van uw ritprijs in commissie. De chauffeur houdt minder over, en u betaalt bij drukte juist meer.

Wij doen het anders. Onze tarieven houden rekening met een professionele chauffeursvergoeding, het voertuig, vluchtmonitoring, verzekeringen en vergunningen, en btw. Geen verborgen toeslagen en geen dynamische prijzen.

Eerlijk voor u. Eerlijk voor de chauffeur.",#fairfare #t4xi #eerlijkeprijs #lokaalondernemen #taxiamsterdam,2026-09-08-07.jpg,actueel
8,2026-09-11,17:30,instagram,true,Chauffeur,Wie er achter het stuur zit,"Iedere chauffeur die voor T4XI rijdt, beschikt over een geldige Nederlandse taxichauffeurskaart. Dat is de wettelijke eis, en die controleren wij.

Daarnaast vragen wij iets wat niet in een wet staat: een rustige rijstijl, discretie, en een auto die schoon is op het moment dat u instapt.

U hoeft onderweg geen gesprek te voeren. En als u dat wel wilt, kan het.",#t4xi #taxichauffeur #premiumvervoer #arrivecomposed,2026-09-11-08.jpg,actueel
9,2026-09-14,09:00,gbp,false,Regio,T4XI rijdt ook in Den Haag,"Zakelijke afspraak in Den Haag, of vanaf Den Haag naar Schiphol? Wij rijden dagelijks in Amsterdam, Rotterdam, Almere en Den Haag. Vaste prijs vooraf, 24 uur per dag beschikbaar.",,2026-09-14-09.jpg,actueel
10,2026-09-15,12:15,instagram,true,Moment,Prinsjesdag,"Vandaag staat Den Haag vol. Afgezette straten, omleidingen, en een binnenstad die niet meebeweegt met uw agenda.

Wij plannen daar reistijd op. Uw chauffeur kent de omleidingen en vertrekt eerder — de prijs die u vooraf zag, verandert daar niet door.

Dat is het verschil tussen een vaste prijs en een taxameter die stilstaand verkeer meetelt.",#prinsjesdag #denhaag #t4xi #zakelijkvervoer #vasteprijs,2026-09-15-10.jpg,actueel
11,2026-09-18,17:30,instagram,false,Vaste prijs,"Retour: ×1,8","Boekt u heen én terug, dan betaalt u 1,8 keer de enkele rit. Niet twee keer.

Geen actiecode en geen tijdelijke aanbieding — het is gewoon hoe onze prijzen werken. U ziet het bedrag bij elke route op de tarievenpagina staan.

Handig voor een dagje weg, een vlucht heen en terug, of een afspraak waar u dezelfde dag van terugkeert.",#t4xi #vasteprijs #retour #schipholtaxi #transparant,2026-09-18-11.jpg,actueel
12,2026-09-21,09:00,gbp,false,24/7,Ook om vier uur 's nachts,"Een vlucht om half zeven betekent vertrekken als het nog donker is. T4XI rijdt 24 uur per dag, ook in het weekend. Tussen 23.00 en 06.00 uur geldt een nachttarief van 15% — dat ziet u vooraf, vóór u boekt.",,2026-09-21-12.jpg,actueel
13,2026-09-22,12:15,instagram,false,Regio,Rotterdam,"Vanaf de Kop van Zuid naar Schiphol, van Rotterdam Centraal naar een afspraak in de stad, of naar Rotterdam The Hague Airport.

Wij rijden Rotterdam dagelijks. Vaste prijs vooraf, per route vermeld, inclusief btw.

Staat uw bestemming er niet bij? Vraag een vaste prijs aan — dan krijgt u er een.",#taxirotterdam #rotterdam #t4xi #schipholtaxi #vasteprijs,2026-09-22-13.jpg,actueel
14,2026-09-25,17:30,instagram,false,Bagage,Hoeveel koffers passen erin?,"Een eerlijke vraag met een concreet antwoord.

Bij vier passagiers: twee grote koffers en twee stuks handbagage. Bij maximaal drie passagiers: drie grote koffers.

Heeft u meer of afwijkende bagage — een fietskoffer, ski's, een kinderwagen? Neem vooraf even contact op. Dan regelen we het, in plaats van dat u bij de auto staat te puzzelen.",#t4xi #schipholtaxi #bagage #reistips #taxiamsterdam,2026-09-25-14.jpg,actueel
15,2026-09-28,09:00,gbp,false,Dagtochten,"Dagtochten naar België, Luxemburg en Duitsland","Een dag naar Brugge, Antwerpen of Keulen, met een chauffeur die wacht terwijl u rondloopt. Vertrek vanuit Amsterdam, Almere of Rotterdam. Route en planning stemmen we vooraf met u af.",,2026-09-28-15.jpg,actueel
16,2026-09-29,12:15,instagram,false,Dagtochten,"Een dag weg, zonder zelf te rijden","Brugge, Antwerpen, Keulen, Düsseldorf. Op anderhalf tot drie uur rijden, en u hoeft zelf niets te doen.

Geen parkeergarage zoeken, geen tolwegen, en niemand hoeft zich aan te wijzen als Bob. Uw eigen auto blijft gewoon thuis staan terwijl u de stad in gaat.

Maximaal vier passagiers. Een route op maat kan ook — desgewenst meerdaags.",#dagtocht #t4xi #brugge #keulen #antwerpen #dagjeweg,2026-09-29-16.jpg,actueel
17,2026-10-02,17:30,instagram,false,Comfort,Stilte is een dienst,"Het eerste wat mensen opmerken in een elektrische auto is wat er níét is. Geen motorgeluid, geen trillingen bij het optrekken, geen ronkende diesel voor de deur om zes uur 's ochtends.

U kunt bellen zonder uw stem te verheffen. U kunt slapen. U kunt een presentatie doornemen.

Arrive composed.",#arrivecomposed #teslamodely #elektrischrijden #t4xi #premiumvervoer,2026-10-02-17.jpg,actueel
18,2026-10-05,09:00,gbp,false,Luchthavens,Ook naar Eindhoven en Rotterdam The Hague Airport,"Niet elke vlucht gaat vanaf Schiphol. Wij rijden ook naar Eindhoven Airport en Rotterdam The Hague Airport, met dezelfde vaste prijs vooraf en dezelfde vluchtmonitoring.",,2026-10-05-18.jpg,actueel
19,2026-10-06,12:15,instagram,false,Luchthavens,Niet elke vlucht vertrekt vanaf Schiphol,"Eindhoven Airport, Rotterdam The Hague Airport, en op aanvraag verder — Brussel, Düsseldorf, Weeze.

De afspraak blijft hetzelfde: vaste prijs vooraf, wij volgen uw vlucht, en bij aankomst is 60 minuten wachttijd inbegrepen.

Ook als u om vijf uur 's ochtends vertrekt.",#eindhovenairport #rotterdamthehagueairport #t4xi #luchthavenvervoer #vasteprijs,2026-10-06-19.jpg,actueel
20,2026-10-09,17:30,instagram,true,Evenementen,"Bruiloften, gala's en bedrijfsfeesten","Meerdere voertuigen, één aanspreekpunt.

Wij verzorgen het vervoer voor gezelschappen: gasten van het station of hotel naar de locatie, en aan het eind van de avond weer terug. De planning maken we vooraf, zodat er niemand staat te wachten.

Vraag een offerte aan — dan rekenen wij het voor u uit.",#bruiloftvervoer #evenementenvervoer #t4xi #gala #bedrijfsfeest,2026-10-09-20.jpg,actueel
21,2026-10-12,09:00,gbp,false,Seizoen,Herfstvakantie: op tijd naar Schiphol,"De herfstvakantie begint. Vroege vluchten, volle wegen richting Schiphol, en een parkeergarage die u niet nodig heeft. Boek uw transfer vooraf tegen een vaste prijs, met vluchtmonitoring inbegrepen.",,2026-10-12-21.jpg,actueel
22,2026-10-13,12:15,instagram,true,Seizoen,Met het gezin naar Schiphol,"Vier personen, twee grote koffers, twee stuks handbagage, en een vlucht om kwart over zeven.

Wij halen u thuis op, plannen ruim reistijd in en zetten u af bij de juiste vertrekhal. Geen parkeergarage, geen shuttlebus, en geen kortparkeertarief dat oploopt terwijl u weg bent.

De prijs staat vast vóór u instapt.",#herfstvakantie #schipholtaxi #gezinsvakantie #t4xi #vasteprijs,2026-10-13-22.jpg,actueel
23,2026-10-16,17:30,instagram,false,Nachttarief,Wat een vroege vlucht echt kost,"Vertrekt u vóór zes uur 's ochtends, dan geldt een nachttarief van 15% op dat deel van de rit.

Wij zeggen dat liever vooraf dan achteraf. Het staat op de tarievenpagina, het zit in uw prijs voordat u boekt, en het verandert daarna niet meer.

Waarom er een nachttarief is: op dat uur rijdt een chauffeur die anders zou slapen.",#t4xi #nachttarief #transparant #schipholtaxi #eerlijkeprijs,2026-10-16-23.jpg,actueel
24,2026-10-19,09:00,gbp,false,Moment,"Amsterdam Dance Event: vaste prijs, ook 's nachts","Tijdens ADE staat Amsterdam vol en bij platforms beweegt de ritprijs 's nachts mee met de vraag. Bij ons niet: u ziet uw prijs compleet voordat u boekt, en na uw bevestiging verandert er niets meer. Ook om drie uur 's nachts.",,2026-10-19-24.jpg,actueel
25,2026-10-20,12:15,instagram,true,Moment,"Wat u vooraf ziet, betaalt u","ADE-week. Amsterdam zit vol, de laatste tram is weg, en op uw telefoon staat een prijs die blijft bewegen zolang u twijfelt.

Dat systeem heet dynamische prijsstelling. Wij gebruiken het niet.

Bij ons staat de prijs compleet op het scherm voordat u boekt — alles wat voor die avond en dat tijdstip geldt zit er al in. Na uw bevestiging verandert er niets meer.

Arrive composed. Ook om drie uur.",#ade #amsterdamdanceevent #t4xi #prijsvooraf #vasteprijs #taxiamsterdam,2026-10-20-25.jpg,actueel
26,2026-10-23,17:30,instagram,true,Moment,Veilig thuis na ADE,"Vijf dagen, honderden events, en op enig moment wilt u gewoon naar huis.

Boek uw rit vooruit — ook voor later die nacht. Dan staat er een auto op u te wachten, in plaats van dat u met een telefoon in de hand op een hoek staat te vergelijken.

Amsterdam, Rotterdam, Almere, Den Haag. 24 uur per dag.",#ade #taxiamsterdam #t4xi #veiligthuis #nachtvervoer,2026-10-23-26.jpg,actueel
27,2026-10-25,10:00,gbp,false,Service,De klok gaat een uur terug,Vannacht gaat de klok van 03.00 naar 02.00 uur. Heeft u vannacht of morgenochtend een rit geboekt? Wij houden de nieuwe tijd aan — u hoeft niets aan te passen.,,2026-10-25-27.jpg,actueel
28,2026-10-26,09:00,gbp,false,Station,Ophalen bij het station,"Trein gemist, laatste aansluiting weg, of gewoon geen zin in overstappen. Wij halen u op bij NS-stations in Amsterdam, Rotterdam, Almere en Den Haag, tegen een vaste prijs vooraf.",,2026-10-26-28.jpg,actueel
29,2026-10-27,12:15,instagram,false,Station,Vanaf het station verder,"De intercity brengt u tot het station. Daarna begint het gedoe: wachten op een bus, een sprinter die niet rijdt, of twintig minuten lopen met bagage in de regen.

Wij pikken u daar op. U vult het station in als vertrekpunt, ziet uw vaste prijs en boekt.

Alle NS-stations in ons rijgebied staan in het boekingsformulier.",#t4xi #treinstation #natransport #taxirotterdam #taxiamsterdam,2026-10-27-29.jpg,actueel
30,2026-10-30,17:30,instagram,false,Memberships,Voor wie vaker rijdt,"Rijdt u elke week dezelfde route? Naar Schiphol, naar kantoor, naar een vaste afspraak?

Dan is losse ritten boeken niet de handigste manier. Met een membership of zakelijk account legt u dat één keer vast: vaste chauffeur, vaste afspraken, één maandfactuur.

Vanaf tien ritten per maand geldt volumekorting.",#t4xi #membership #zakelijkvervoer #vastechauffeur #abonnement,2026-10-30-30.jpg,actueel
31,2026-11-02,09:00,gbp,false,Zakelijk,Q4: vervoer geregeld voor het laatste kwartaal,"Het drukste kwartaal van het jaar. Klantbezoeken, beurzen en kerstborrels. Met een zakelijk account bij T4XI regelt u het vervoer één keer: op rekening, één maandfactuur, vaste chauffeur.",,2026-11-02-31.jpg,actueel
32,2026-11-03,12:15,instagram,true,Zakelijk,Vanaf tien ritten per maand,"Rijdt uw bedrijf tien of meer ritten per maand met ons, dan geldt volumekorting.

Wat u verder krijgt: facturatie op rekening, een dashboard met ritoverzicht, 24/7 ondersteuning met voorrang, en een vaste chauffeur die uw medewerkers bij naam kent.

Geen declaratieformulieren, geen bonnetjes, en achteraf geen discussie over wat een rit gekost heeft.",#zakelijkvervoer #t4xi #businesstravel #maandfactuur #volumekorting,2026-11-03-32.jpg,actueel
33,2026-11-06,17:30,instagram,true,Zakelijk,"Dezelfde chauffeur, elke keer","Het klinkt als een klein ding. Dat is het niet.

Een vaste chauffeur weet welke ingang van uw kantoor open is, weet dat uw directeur graag stil rijdt, en weet dat de vlucht van dinsdag altijd uitloopt.

Dat scheelt uitleg. Elke rit weer.

Onderdeel van elk zakelijk account bij T4XI.",#vastechauffeur #zakelijkvervoer #t4xi #persoonlijkeservice,2026-11-06-33.jpg,actueel
34,2026-11-09,09:00,gbp,false,Seizoen,"Regen, spits en toch op tijd","November betekent nat wegdek en langere reistijden. Wij plannen daar reistijd op in, zodat u alsnog op tijd bent. De prijs die u vooraf zag, verandert niet door het verkeer.",,2026-11-09-34.jpg,actueel
35,2026-11-10,12:15,instagram,false,Vaste prijs,De file zit niet in uw prijs,"Bij een taxameter betaalt u voor stilstaan. Regen, spits, een brug die openstaat — het loopt allemaal door.

Bij ons niet. U ziet de prijs vooraf en die staat vast, ook als de rit langer duurt dan gedacht.

Wat wij wél doen bij slecht weer: eerder vertrekken. Uw chauffeur plant extra reistijd in, zonder dat u erom hoeft te vragen.",#t4xi #vasteprijs #geentaxameter #herfst #taxiamsterdam,2026-11-10-35.jpg,actueel
36,2026-11-13,17:30,instagram,true,Moment,Sinterklaas komt aan,"Morgen is de landelijke intocht en staan de binnensteden vol. Afzettingen, omleidingen en nauwelijks parkeerplek.

Gaat u met kinderen? Laat de auto thuis. Wij brengen u tot dichtbij en halen u weer op wanneer het afgelopen is — tegen een prijs die u vooraf weet.

Maximaal vier passagiers per auto.",#sinterklaas #intocht #t4xi #gezinsuitje #taxiamsterdam,2026-11-13-36.jpg,actueel
37,2026-11-16,09:00,gbp,false,Evenementen,Kerstborrel? Regel het vervoer nu,"December is voor taxibedrijven de drukste maand van het jaar. Wie in de tweede helft van december een bedrijfsfeest heeft, boekt het vervoer verstandig nu. Meerdere voertuigen, één aanspreekpunt, vaste prijs vooraf.",,2026-11-16-37.jpg,actueel
38,2026-11-17,12:15,instagram,true,Evenementen,Uw kerstborrel is al over vijf weken,"En de avonden in december zitten sneller vol dan u denkt.

Wij verzorgen groepsvervoer voor bedrijfsfeesten: gasten ophalen op meerdere adressen, naar de locatie, en na afloop weer thuis. Eén aanspreekpunt, meerdere voertuigen, en de planning vooraf vastgelegd.

Vraag nu een offerte aan — in december wordt het schuiven.",#kerstborrel #bedrijfsfeest #groepsvervoer #t4xi #evenementenvervoer,2026-11-17-38.jpg,actueel
39,2026-11-20,17:30,instagram,true,Evenementen,Hoe een offerte bij ons werkt,"U geeft door: datum, aantal gasten, ophaaladressen en de locatie. Wij rekenen het uit en sturen één prijs terug.

Geen uurtarief dat oploopt, en geen wachtkosten die u pas achteraf ziet. Eén bedrag, vooraf, voor het hele vervoer van die avond.

Bevalt het niet, dan gaat het niet door. Zo simpel is het.",#offerte #evenementenvervoer #t4xi #bedrijfsfeest #transparant,2026-11-20-39.jpg,actueel
40,2026-11-23,09:00,gbp,false,Seizoen,December loopt vol,"De agenda voor december vult zich: kerstborrels, vluchten in de kerstvakantie en oudjaarsavond. Boekt u vooruit, dan staat uw auto vast — en uw prijs ook.",,2026-11-23-40.jpg,actueel
41,2026-11-24,12:15,instagram,false,Fair Fare,Wij doen niet mee aan Black Friday,"Deze week krijgt u overal 40% korting aangeboden. Van ons niet.

Een korting van 40% betekent één van twee dingen: de prijs was te hoog, of iemand in de keten krijgt te weinig betaald. Bij vervoer is dat meestal de chauffeur.

Onze prijs is het hele jaar dezelfde, en die prijs is zo opgebouwd dat er een professionele chauffeur, een verzorgde auto, verzekeringen en vergunningen van betaald worden.

Vrijdag betaalt u bij ons hetzelfde als vandaag.",#blackfriday #fairfare #t4xi #eerlijkeprijs #geenkorting,2026-11-24-41.jpg,actueel
42,2026-11-27,17:30,instagram,false,Vaste prijs,"Vooraf compleet, achteraf onveranderd","Vandaag is het Black Friday. Over een maand is het kerstavond. Op 31 december is het de drukste nacht van het jaar.

Op alle drie die dagen geldt hetzelfde: wat uw rit kost, staat compleet op het scherm voordat u boekt. Route, tijdstip, en wat er die dag speelt — het zit er allemaal al in.

Geen prijs die oploopt terwijl u zit te twijfelen. Geen verrassing bij het afrekenen.",#vasteprijs #t4xi #prijsvooraf #transparant #taxiamsterdam,2026-11-27-42.jpg,actueel
43,2026-11-30,09:00,gbp,false,Seizoen,Decemberdrukte: boek vooruit,"De laatste maand van het jaar is onze drukste. Kerstborrels, vluchten en oudjaarsavond komen allemaal samen. Boek uw rit ruim van tevoren, dan weet u zeker dat er een auto staat.",,2026-11-30-43.jpg,actueel
44,2026-12-01,12:15,instagram,true,Seizoen,Vijf momenten waarop u ons deze maand nodig heeft,"1. De kerstborrel, waar u ook een glas wilt drinken.
2. Pakjesavond op zaterdag 5 december, met een auto vol cadeaus.
3. De vlucht in de kerstvakantie, ergens rond half zeven 's ochtends.
4. Familiebezoek met kerst, dwars door het land.
5. Oudjaarsavond, wanneer er geen tram meer rijdt.

Voor alle vijf geldt hetzelfde: boek vooruit, dan staat de prijs vast.",#december #t4xi #kerst #oudennieuw #vasteprijs,2026-12-01-44.jpg,actueel
45,2026-12-04,17:30,instagram,true,Moment,Pakjesavond valt dit jaar op zaterdag,"Morgen is het 5 december. Een zaterdag, dus iedereen is onderweg: naar ouders, naar schoonfamilie, naar de andere kant van het land.

Wij rijden gewoon. Vaste prijs vooraf, ruimte voor vier passagiers, en de cadeaus in de kofferbak.

Retour boeken kost 1,8 keer de enkele rit — handig als u dezelfde avond weer terug wilt.",#sinterklaas #pakjesavond #t4xi #familie #vasteprijs,2026-12-04-45.jpg,actueel
46,2026-12-07,09:00,gbp,false,Evenementen,Vervoer voor uw kerstborrel,"Niemand hoeft Bob te zijn. Wij halen uw gasten op meerdere adressen op, brengen ze naar de locatie en na afloop weer thuis. Eén aanspreekpunt, één offerte, vaste prijs.",,2026-12-07-46.jpg,actueel
47,2026-12-08,12:15,instagram,true,Evenementen,Niemand hoeft Bob te zijn,"Het vervelendste moment van elk bedrijfsfeest is de vraag wie er rijdt. Meestal wordt het dezelfde persoon, en die drinkt dan cola tot half twee.

Regel het vervoer, dan is die vraag er niet. Wij halen uw gasten op verschillende adressen op, brengen iedereen naar de locatie, en rijden na afloop terug.

Eén offerte vooraf voor de hele avond. Geen wachtkosten, geen nacalculatie.",#kerstborrel #bedrijfsfeest #bob #t4xi #groepsvervoer,2026-12-08-47.jpg,actueel
48,2026-12-11,17:30,instagram,false,Nachttarief,Hoe ons nachttarief werkt,"Tussen 23.00 en 06.00 uur geldt een opslag van 15%. Die geldt per ritdeel — bij een retour waarvan alleen de terugrit in de nacht valt, telt de opslag dus alleen voor die terugrit.

U ziet het verwerkt in uw prijs vóór u boekt. Er komt achteraf niets bij.

Dat geldt voor alles wat uw rit bepaalt: het staat in het bedrag dat u vooraf ziet, of het staat er niet.",#nachttarief #t4xi #transparant #vasteprijs #eerlijkeprijs,2026-12-11-48.jpg,actueel
49,2026-12-14,09:00,gbp,false,Schiphol,Kerstvakantie: vroeg naar Schiphol,"De kerstvakantie begint en Schiphol wordt druk. Boek uw transfer vooraf: vaste prijs, vluchtmonitoring, en na de landing 60 minuten wachttijd inbegrepen.",,2026-12-14-49.jpg,actueel
50,2026-12-15,12:15,instagram,false,Seizoen,Een winterochtend rekent anders,"Ruiten krabben, gladde afritten, en een A4 die er langer over doet dan uw routeplanner denkt.

Wij plannen in december standaard ruimer reistijd in richting Schiphol. Uw chauffeur staat eerder voor de deur dan u gewend bent — en de auto is dan al warm.

De prijs verandert daar niet door.",#winter #schipholtaxi #t4xi #kerstvakantie #optijd,2026-12-15-50.jpg,actueel
51,2026-12-18,17:30,instagram,false,Schiphol,Als uw vlucht wél vertraagd is,"December is de maand van winterweer op andere luchthavens. Uw vlucht vertrekt te laat uit Wenen, en u landt twee uur later dan gepland.

Wij zien dat. Wij volgen uw vluchtstatus en schuiven het ophaalmoment mee. Na de landing heeft u 60 minuten om naar buiten te komen.

U hoeft ons niet te bellen vanaf de bagageband.",#vluchtmonitoring #schipholtaxi #t4xi #vertraging #kerstvakantie,2026-12-18-51.jpg,actueel
52,2026-12-21,09:00,gbp,false,Seizoen,Ook op eerste en tweede kerstdag,"Wij rijden 24 uur per dag, ook op 25 en 26 december. Wat uw rit die dagen kost, ziet u compleet voordat u boekt — nachttarief en al. Daarna verandert er niets meer.",,2026-12-21-52.jpg,actueel
53,2026-12-22,12:15,instagram,false,Seizoen,"Kerst bij de familie, zonder wie-rijdt-er-terug","Twee kerstdagen, twee adressen, en ergens onderweg de vraag wie er nuchter blijft.

Wij rijden op 25 en 26 december gewoon door. U boekt heen en terug — retour is 1,8 keer de enkele rit — en wat die dagen kosten ziet u vooraf in één bedrag.

Boek deze week nog; de kerstdagen lopen vol.",#kerst #t4xi #familie #vasteprijs #voorafduidelijk,2026-12-22-53.jpg,actueel
54,2026-12-23,17:30,instagram,false,Seizoen,Laatste dag om rustig te boeken,"Morgen is het kerstavond. Wat er dit weekend nog geregeld moet worden: de rit naar de familie, de vlucht op tweede kerstdag, en oudjaarsavond.

Boekt u vandaag, dan heeft u de keuze. Boekt u op 31 december om elf uur 's avonds, dan heeft u die niet.

Wij zijn 24 uur per dag bereikbaar, ook deze week.",#kerst #t4xi #optijdboeken #vasteprijs,2026-12-23-54.jpg,actueel
55,2026-12-25,11:00,gbp,false,Service,Fijne kerstdagen,Wij wensen u rustige feestdagen. Ook vandaag en morgen rijden wij door — bel of boek online als u onderweg moet.,,2026-12-25-55.jpg,actueel
56,2026-12-28,09:00,gbp,false,Moment,Oudjaarsavond: boek nu uw rit,"31 december is de drukste nacht van het jaar en het openbaar vervoer ligt grotendeels stil. Boek uw rit vooraf: u ziet het volledige bedrag voordat u bevestigt, inclusief nachttarief en wat er die avond verder geldt.",,2026-12-28-56.jpg,actueel
57,2026-12-29,12:15,instagram,false,Moment,Op oudjaarsavond weet u vooraf wat het kost,"31 december is de nacht waarin ritprijzen bij platforms het hardst oplopen. Precies wanneer iedereen naar huis wil en er geen tram meer rijdt.

Bij ons staat het volledige bedrag op het scherm vóór u bevestigt. Wat de avond kost, weet u dus voordat u instapt en niet erna.

Boek nu. Om half twee 's nachts is het te laat om te gaan zoeken.",#oudennieuw #nieuwjaar #t4xi #prijsvooraf #vasteprijs #taxiamsterdam,2026-12-29-57.jpg,actueel
58,2026-12-31,16:00,instagram,false,Merk,Tot volgend jaar,"Dit jaar hebben wij duizenden keren hetzelfde gedaan: op tijd voor de deur staan, de prijs vooraf noemen, en die prijs niet veranderen.

Dank aan iedereen die bij ons instapte.

Vanavond rijden wij door. Moet u laat naar huis, boek dan vooruit — dan staat er iemand op u te wachten.

Een goede jaarwisseling.",#oudennieuw #t4xi #dankjewel #arrivecomposed,2026-12-31-58.jpg,actueel
