idx,datum,kanaal,bestand,achtergrond,kop
0,2026-08-25,gbp,2026-08-25-00-foto.jpg,schiphol+luchthavens+bagage+chauffeur--transfer-terminal,Terug van vakantie — vaste prijs vanaf Schiphol
1,2026-08-25,instagram,2026-08-25-01-foto.jpg,schiphol+seizoen+service--avond,Vluchtmonitoring
2,2026-08-28,instagram,2026-08-28-02-foto.jpg,vasteprijs+fairfare--dashboard,Waarom er geen taxameter in onze auto's zit
3,2026-08-31,gbp,2026-08-31-03-foto.jpg,zakelijk+memberships+comfort--achterbank,Zakelijk vervoer met maandfactuur
4,2026-09-01,instagram,2026-09-01-04-kaart.jpg,kaart,Het zakelijke seizoen begint
5,2026-09-04,instagram,2026-09-04-05-foto.jpg,vloot+regio--model-y,De auto waarin u zit
6,2026-09-07,gbp,2026-09-07-06-foto.jpg,schiphol+luchthavens+bagage+chauffeur--transfer-terminal,Vanaf Almere naar Schiphol
7,2026-09-08,instagram,2026-09-08-07-foto.jpg,vasteprijs+fairfare--dashboard,Fair Fare Promise
8,2026-09-11,instagram,2026-09-11-08-foto.jpg,schiphol+luchthavens+bagage+chauffeur--transfer-terminal,Wie er achter het stuur zit
9,2026-09-14,gbp,2026-09-14-09-foto.jpg,vloot+regio--model-y,T4XI rijdt ook in Den Haag
10,2026-09-15,instagram,2026-09-15-10-foto.jpg,comfort+nachttarief+247+moment--interieur-nacht,Prinsjesdag
11,2026-09-18,instagram,2026-09-18-11-foto.jpg,vasteprijs+fairfare--dashboard,"Retour: ×1,8"
12,2026-09-21,gbp,2026-09-21-12-kaart.jpg,kaart,Ook om vier uur 's nachts
13,2026-09-22,instagram,2026-09-22-13-foto.jpg,vloot+regio--model-y,Rotterdam
14,2026-09-25,instagram,2026-09-25-14-foto.jpg,schiphol+luchthavens+bagage+chauffeur--transfer-terminal,Hoeveel koffers passen erin?
15,2026-09-28,gbp,2026-09-28-15-foto.jpg,dagtochten--antwerpen,"Dagtochten naar België, Luxemburg en Duitsland"
16,2026-09-29,instagram,2026-09-29-16-foto.jpg,dagtochten--brugge,"Een dag weg, zonder zelf te rijden"
17,2026-10-02,instagram,2026-10-02-17-foto.jpg,comfort+nachttarief+247+moment--interieur-nacht,Stilte is een dienst
18,2026-10-05,gbp,2026-10-05-18-kaart.jpg,kaart,Ook naar Eindhoven en Rotterdam The Hague Airport
19,2026-10-06,instagram,2026-10-06-19-kaart.jpg,kaart,Niet elke vlucht vertrekt vanaf Schiphol
20,2026-10-09,instagram,2026-10-09-20-kaart.jpg,kaart,"Bruiloften, gala's en bedrijfsfeesten"
21,2026-10-12,gbp,2026-10-12-21-foto.jpg,schiphol+seizoen+service--avond,Herfstvakantie: op tijd naar Schiphol
22,2026-10-13,instagram,2026-10-13-22-kaart.jpg,kaart,Met het gezin naar Schiphol
23,2026-10-16,instagram,2026-10-16-23-kaart.jpg,kaart,Wat een vroege vlucht echt kost
24,2026-10-19,gbp,2026-10-19-24-kaart.jpg,kaart,"Amsterdam Dance Event: vaste prijs, ook 's nachts"
25,2026-10-20,instagram,2026-10-20-25-kaart.jpg,kaart,Geen surge. Ook niet om drie uur 's nachts.
26,2026-10-23,instagram,2026-10-23-26-kaart.jpg,kaart,Veilig thuis na ADE
27,2026-10-25,gbp,2026-10-25-27-kaart.jpg,kaart,De klok gaat een uur terug
28,2026-10-26,gbp,2026-10-26-28-foto.jpg,vloot+station--lynk-co,Ophalen bij het station
29,2026-10-27,instagram,2026-10-27-29-kaart.jpg,kaart,Vanaf het station verder
30,2026-10-30,instagram,2026-10-30-30-foto.jpg,zakelijk+memberships+comfort--achterbank,Voor wie vaker rijdt
31,2026-11-02,gbp,2026-11-02-31-kaart.jpg,kaart,Q4: vervoer geregeld voor het laatste kwartaal
32,2026-11-03,instagram,2026-11-03-32-kaart.jpg,kaart,Vanaf tien ritten per maand
33,2026-11-06,instagram,2026-11-06-33-kaart.jpg,kaart,"Dezelfde chauffeur, elke keer"
34,2026-11-09,gbp,2026-11-09-34-foto.jpg,schiphol+seizoen+service--avond,"Regen, spits en toch op tijd"
35,2026-11-10,instagram,2026-11-10-35-kaart.jpg,kaart,De file zit niet in uw prijs
36,2026-11-13,instagram,2026-11-13-36-foto.jpg,comfort+nachttarief+247+moment--interieur-nacht,Sinterklaas komt aan
37,2026-11-16,gbp,2026-11-16-37-kaart.jpg,kaart,Kerstborrel? Regel het vervoer nu
38,2026-11-17,instagram,2026-11-17-38-kaart.jpg,kaart,Uw kerstborrel is al over vijf weken
39,2026-11-20,instagram,2026-11-20-39-kaart.jpg,kaart,Hoe een offerte bij ons werkt
40,2026-11-23,gbp,2026-11-23-40-kaart.jpg,kaart,December loopt vol
41,2026-11-24,instagram,2026-11-24-41-kaart.jpg,kaart,Wij doen niet mee aan Black Friday
42,2026-11-27,instagram,2026-11-27-42-kaart.jpg,kaart,Dezelfde prijs. Elke dag van het jaar.
43,2026-11-30,gbp,2026-11-30-43-kaart.jpg,kaart,Decemberdrukte: boek vooruit
44,2026-12-01,instagram,2026-12-01-44-kaart.jpg,kaart,Vijf momenten waarop u ons deze maand nodig heeft
45,2026-12-04,instagram,2026-12-04-45-kaart.jpg,kaart,Pakjesavond valt dit jaar op zaterdag
46,2026-12-07,gbp,2026-12-07-46-kaart.jpg,kaart,Vervoer voor uw kerstborrel
47,2026-12-08,instagram,2026-12-08-47-kaart.jpg,kaart,Niemand hoeft Bob te zijn
48,2026-12-11,instagram,2026-12-11-48-kaart.jpg,kaart,Hoe ons nachttarief werkt
49,2026-12-14,gbp,2026-12-14-49-kaart.jpg,kaart,Kerstvakantie: vroeg naar Schiphol
50,2026-12-15,instagram,2026-12-15-50-kaart.jpg,kaart,Een winterochtend rekent anders
51,2026-12-18,instagram,2026-12-18-51-kaart.jpg,kaart,Als uw vlucht wél vertraagd is
52,2026-12-21,gbp,2026-12-21-52-kaart.jpg,kaart,Ook op eerste en tweede kerstdag
53,2026-12-22,instagram,2026-12-22-53-kaart.jpg,kaart,"Kerst bij de familie, zonder wie-rijdt-er-terug"
54,2026-12-23,instagram,2026-12-23-54-kaart.jpg,kaart,Laatste dag om rustig te boeken
55,2026-12-25,gbp,2026-12-25-55-kaart.jpg,kaart,Fijne kerstdagen
56,2026-12-28,gbp,2026-12-28-56-kaart.jpg,kaart,Oudjaarsavond: boek nu uw rit
57,2026-12-29,instagram,2026-12-29-57-kaart.jpg,kaart,Op oudjaarsavond verdubbelt onze prijs niet
58,2026-12-31,instagram,2026-12-31-58-kaart.jpg,kaart,Tot volgend jaar
